age;ed;employ;address;income;debtinc;creddebt;othdebt
28;2;7;2;44;17,7;2,990592;4,797408
64;5;34;17;116;14,7;5,047392;12,004608
40;1;20;12;61;4,8;1,042368;1,885632
30;1;11;3;27;34,5;1,75122;7,56378
25;1;2;2;30;22,4;0,75936;5,96064
35;1;2;9;38;10,9;1,462126;2,679874
26;3;2;4;38;11,9;0,954142;3,567858
25;1;4;2;30;14,4;1,04544;3,27456
65;4;29;14;189;5;3,3642;6,0858
21;3;0;0;23;3,9;0,305877;0,591123
62;1;33;13;96;17,5;6,6864;10,1136
30;4;4;3;39;10,6;2,389452;1,744548
38;5;7;7;124;19,1;9,520968;14,163032
18;2;0;0;35;3,9;0,17472;1,19028
53;1;9;13;41;13,3;2,333884;3,119116
18;2;0;0;15;7,4;0,82806;0,28194
18;2;0;0;56;15,7;1,837528;6,954472
19;1;2;0;31;0,3;0,024552;0,068448
19;2;0;0;26;5,8;0,586612;0,921388
56;2;27;21;125;8,5;2,900625;7,724375
21;2;1;1;40;7,6;1,52;1,52
25;1;8;3;37;8,3;0,948939;2,122061
47;3;8;10;43;6,1;0,359351;2,263649
40;4;17;11;103;13,3;10,41124;3,28776
41;2;16;11;56;3,4;0,896784;1,007216
23;4;0;2;118;6,4;0,294528;7,257472
45;5;1;4;58;15,4;2,36698;6,56502
37;3;15;10;65;5;1,30325;1,94675
47;2;23;14;46;11,7;0,839592;4,542408
23;4;0;2;42;6,7;1,584282;1,229718
18;2;0;0;19;5,2;0,31616;0,67184
19;2;0;0;21;2;0,27636;0,14364
41;1;3;12;23;10,6;0,14628;2,29172
42;2;3;12;76;5,2;0,723216;3,228784
29;4;2;3;45;3;0,6696;0,6804
24;4;0;2;41;8,4;0,788676;2,655324
45;5;9;11;48;10,2;3,52512;1,37088
39;4;8;9;259;7,2;1,547784;17,100216
40;2;15;6;46;10,6;0,819168;4,056832
21;3;0;0;17;17,6;1,373328;1,618672
55;3;34;16;150;9,9;0,72765;14,12235
29;2;6;4;35;3,3;0,19866;0,95634
22;3;0;0;24;5,2;0,2808;0,9672
58;4;24;18;70;6,8;2,29908;2,46092
53;2;14;19;67;6,1;1,06262;3,02438
31;3;5;7;25;6,8;0,4301;1,2699
26;1;4;2;23;6,9;0,165048;1,421952
23;4;0;0;28;19,2;1,72032;3,65568
25;2;1;3;19;28,6;2,33662;3,09738
52;3;23;10;153;4,5;2,12058;4,76442
25;3;0;1;35;9,7;0,132405;3,262595
22;4;0;1;31;22,8;1,314648;5,753352
38;3;8;8;35;26,4;3,77916;5,46084
42;2;16;11;49;9,7;0,556101;4,196899
52;1;5;18;36;9,8;1,400616;2,127384
30;1;2;3;18;3;0,07236;0,46764
59;4;20;16;144;3,4;2,492064;2,403936
34;3;5;5;44;5,6;0,744128;1,719872
33;1;11;6;52;9,1;0,9464;3,7856
26;3;2;3;21;8,2;0,54243;1,17957
25;3;2;1;26;11,9;1,2376;1,8564
19;2;0;0;43;21,2;3,427616;5,688384
41;5;7;12;47;5,2;1,635036;0,808964
36;2;2;9;27;9,3;0,735723;1,775277
20;2;0;0;21;10,2;0,552636;1,589364
35;2;6;5;26;2,5;0,44655;0,20345
33;4;3;4;34;1,2;0,226848;0,181152
38;4;0;12;37;2;0,09546;0,64454
40;2;6;6;36;6,6;1,577664;0,798336
39;2;7;6;82;17,4;3,70968;10,55832
18;2;0;0;12;8,2;0,150552;0,833448
66;1;40;17;149;13,1;7,788081;11,730919
43;2;6;6;40;6,6;0,5016;2,1384
39;4;14;8;46;6,5;0,49933;2,49067
27;3;5;4;27;10,5;0,99225;1,84275
47;3;17;13;111;8,8;5,733816;4,034184
25;1;9;3;25;23,5;0,34075;5,53425
57;3;7;14;43;20,8;2,495376;6,448624
69;1;6;24;60;18,6;1,27224;9,88776
20;3;0;0;22;4,2;0,536844;0,387156
42;1;15;7;60;6,1;2,013;1,647
33;2;12;5;70;5,7;0,82593;3,16407
41;2;10;7;29;4,2;0,473802;0,744198
35;3;0;7;36;4,7;0,546516;1,145484
46;3;20;16;122;6,7;2,893596;5,280404
24;4;0;1;27;4,2;0,44226;0,69174
34;3;7;8;43;30,3;3,921729;9,107271
36;2;7;4;41;18,9;3,17709;4,57191
19;1;0;0;18;15,1;0,793656;1,924344
29;5;1;4;51;1,3;0,281775;0,381225
44;2;7;9;59;8,4;1,769292;3,186708
19;2;0;0;28;11,7;0,822276;2,453724
39;1;2;9;29;3,7;0,476412;0,596588
30;4;5;5;222;2,9;1,970028;4,467972
72;2;44;13;187;9,2;4,713896;12,490104
18;2;0;0;30;7;0,8085;1,2915
28;3;7;5;30;8,5;0,459;2,091
24;1;5;2;27;10;1,2933;1,4067
33;2;8;4;45;12,1;0,1089;5,3361
34;4;11;4;132;4,7;1,513776;4,690224
46;4;7;16;41;2,5;0,351575;0,673425
36;2;16;4;96;12,2;5,422656;6,289344
45;1;13;7;65;28,6;10,72643;7,86357
59;1;34;26;154;8,5;8,32524;4,76476
35;2;9;1;80;12,9;4,2828;6,0372
62;4;31;22;387;15;5,39865;52,65135
29;4;1;4;38;4,5;0,82422;0,88578
56;3;30;14;167;1,4;0,458248;1,879752
24;2;4;1;39;21,5;3,966105;4,418895
32;3;1;6;45;13,9;1,51371;4,74129
25;2;6;2;29;5,9;0,636492;1,074508
37;1;9;6;33;1,2;0,112068;0,283932
27;3;1;2;28;23,5;0,81592;5,76408
56;2;37;10;160;11,4;6,76704;11,47296
31;2;11;6;61;34,4;9,484768;11,499232
59;1;31;15;86;6,8;1,614048;4,233952
65;3;26;16;186;4,2;2,984184;4,827816
26;1;0;3;29;16,9;3,092531;1,808469
27;3;3;4;68;24,9;5,231988;11,700012
30;1;6;3;22;15,5;0,13299;3,27701
43;1;22;13;96;1,2;0,340992;0,811008
30;4;4;5;64;14,1;2,833536;6,190464
18;2;0;0;19;14;0,56392;2,09608
24;3;1;1;33;14;0,06468;4,55532
31;4;0;6;28;4,5;0,06552;1,19448
25;1;4;3;31;3,1;0,373829;0,587171
24;4;0;2;48;1,2;0,061632;0,514368
26;3;2;3;37;3,1;0,348688;0,798312
33;2;13;5;54;16,2;2,878092;5,869908
44;4;18;9;136;4,2;1,416576;4,295424
18;2;0;0;16;6;0,4032;0,5568
29;3;1;2;34;15,5;0,38998;4,88002
21;3;0;1;27;16,5;1,1583;3,2967
41;2;22;13;54;4,1;0,81918;1,39482
40;4;11;8;238;7,9;6,336274;12,465726
37;1;5;10;21;14,5;0,71253;2,33247
24;1;6;3;36;13,2;1,919808;2,832192
24;4;0;4;18;2,9;0,184266;0,337734
18;2;0;0;25;2,9;0,561875;0,163125
30;4;5;6;95;7;3,458;3,192
36;1;4;8;45;13,2;0,33264;5,60736
34;1;14;9;39;11,4;2,71206;1,73394
63;3;8;25;92;5,6;0,886144;4,265856
56;5;16;19;232;2,8;2,104704;4,391296
41;2;9;8;68;28,3;4,52234;14,72166
23;4;0;1;53;3;0,62646;0,96354
25;5;0;3;32;14,6;1,452992;3,219008
22;1;1;1;22;3,2;0,1584;0,5456
58;2;19;9;114;6,4;0,277248;7,018752
31;3;7;5;53;2,7;0,72981;0,70119
47;2;6;10;40;8,7;1,30848;2,17152
55;2;13;11;63;17,5;2,5578;8,4672
39;2;9;5;60;9,2;2,07552;3,44448
27;5;0;4;30;4,3;0,41925;0,87075
30;3;7;4;60;21,6;5,5728;7,3872
35;2;6;5;32;7,6;0,819584;1,612416
30;4;4;7;30;9,2;0,88872;1,87128
19;2;0;0;23;8,8;1,107128;0,916872
38;4;14;4;98;16,5;1,34211;14,82789
20;2;1;0;19;8;0,78432;0,73568
43;2;14;8;61;10,8;2,17404;4,41396
25;2;2;3;25;9,9;1,3959;1,0791
41;1;11;5;36;10,2;1,365984;2,306016
37;3;3;4;36;6,7;0,680184;1,731816
22;1;0;2;17;3,7;0,135235;0,493765
23;2;0;3;27;17,6;2,128896;2,623104
45;4;1;8;60;9,9;1,14048;4,79952
19;1;1;0;20;8,8;0,54736;1,21264
26;2;6;3;23;13,6;0,128248;2,999752
25;4;0;2;21;22,3;1,676514;3,006486
49;4;1;8;51;11,2;1,862112;3,849888
76;1;15;20;26;5,6;0,136864;1,319136
28;3;1;3;16;5,2;0,501696;0,330304
37;1;18;8;36;4,8;0,44064;1,28736
41;1;9;8;29;5,6;0,248472;1,375528
30;2;8;4;68;2,4;0,267648;1,364352
39;3;4;9;78;14;7,2072;3,7128
25;3;2;2;19;3,4;0,187986;0,458014
26;5;0;4;19;7,7;0,67298;0,79002
24;1;8;2;28;6,6;0,262416;1,585584
61;1;0;10;42;18,4;4,010832;3,717168
26;2;6;2;38;10,6;2,569864;1,458136
18;2;0;0;44;9,2;1,250832;2,797168
41;2;21;8;189;6,3;6,215454;5,691546
49;3;9;16;64;6,1;0,33184;3,57216
18;1;0;0;20;3,9;0,3705;0,4095
18;2;0;0;24;6,5;0,30108;1,25892
52;4;2;12;96;7,1;2,276544;4,539456
32;2;2;6;30;9,4;1,1844;1,6356
27;2;6;5;42;9,1;2,186184;1,635816
23;3;0;2;57;17,8;2,729274;7,416726
29;4;3;3;46;8,1;0,290628;3,435372
73;2;53;25;410;4,1;3,10985;13,70015
31;4;3;5;22;4,6;0,226688;0,785312
19;2;0;0;28;9,1;0,86632;1,68168
57;2;4;9;39;4,3;0,558441;1,118559
18;2;0;0;19;1,5;0,061845;0,223155
22;1;1;1;19;8,9;0,488699;1,202301
21;2;0;1;30;4,3;0,17544;1,11456
33;3;4;4;60;9,5;1,6074;4,0926
21;3;0;1;41;23,4;1,96677;7,62723
42;3;18;15;63;11,3;2,541483;4,577517
32;3;10;5;38;11,5;1,0488;3,3212
33;4;5;4;105;13,4;7,04907;7,02093
73;1;50;34;289;8,4;7,841148;16,434852
61;4;23;20;81;8,9;1,701324;5,507676
38;5;2;8;229;6,7;3,943151;11,399849
46;3;13;11;45;22,2;3,32667;6,66333
20;3;0;0;20;7,2;0,34272;1,09728
19;2;0;0;24;15,6;0,7488;2,9952
28;4;0;4;47;18,6;6,705114;2,036886
24;4;0;2;21;6,6;0,57519;0,81081
53;1;1;12;30;8,8;0,4092;2,2308
35;2;14;7;62;8,2;0,604996;4,479004
43;2;7;11;53;3,7;0,853035;1,107965
32;1;9;6;33;8,1;1,154736;1,518264
27;1;9;1;28;5,7;0,110124;1,485876
18;2;0;0;22;1,5;0,13332;0,19668
19;2;0;0;31;28,7;5,364891;3,532109
18;2;0;0;36;6,2;1,051272;1,180728
54;2;20;15;82;20;4,346;12,054
43;3;0;4;31;2,4;0,284952;0,459048
50;2;15;14;65;12,6;3,04668;5,14332
26;1;10;3;31;8,8;0,780208;1,947792
35;2;4;2;57;6;1,28934;2,13066
47;2;6;12;34;4,4;0,526592;0,969408
31;5;2;5;19;15,9;0,93651;2,08449
40;3;7;11;53;12,4;1,4787;5,0933
56;4;14;25;206;27,9;15,288084;42,185916
34;4;3;8;72;7,6;0,38304;5,08896
18;2;0;0;18;12,7;0,646938;1,639062
46;2;24;10;78;6,9;2,74482;2,63718
31;2;2;6;45;3,1;0,431055;0,963945
25;2;1;1;16;2,1;0,145488;0,190512
79;1;63;18;497;8,2;15,07898;25,67502
43;3;21;14;125;11,5;6,325;8,05
26;1;9;3;41;22,1;0,616148;8,444852
26;3;1;4;36;12,5;1,593;2,907
18;1;0;0;28;17;1,75168;3,00832
30;2;0;4;25;7,4;0,2627;1,5873
47;3;3;8;69;5,2;0,897;2,691
18;2;0;0;35;12,4;1,1284;3,2116
30;1;13;3;38;4,6;0,335616;1,412384
21;3;0;1;25;6,7;1,291425;0,383575
33;4;4;9;119;15,3;6,572727;11,634273
36;2;3;6;28;4,9;0,256564;1,115436
26;2;7;3;49;17,7;5,37726;3,29574
20;3;0;0;21;1,3;0,180999;0,092001
56;2;19;8;76;1,2;0,1824;0,7296
42;4;7;12;130;11,6;3,33268;11,74732
23;4;0;3;47;8,9;0,623267;3,559733
32;3;3;8;86;7,9;2,201256;4,592744
20;3;0;0;30;10,6;2,53446;0,64554
19;2;0;0;21;12;0,34524;2,17476
26;2;1;0;26;11,1;1,694082;1,191918
19;2;0;0;20;0,1;0,00894;0,01106
59;3;31;21;102;0,3;0,104958;0,201042
21;3;0;1;13;8,3;0,45318;0,62582
39;4;14;6;152;27,4;13,410656;28,237344
18;2;0;0;12;3,3;0,110088;0,285912
20;2;0;0;38;7,5;0,3648;2,4852
33;4;1;6;23;4,2;0,194166;0,771834
19;1;1;0;16;3,4;0,306816;0,237184
29;3;5;5;52;16,8;5,63472;3,10128
70;3;48;25;165;14,8;0,56166;23,85834
44;1;22;8;93;9;4,37751;3,99249
40;2;20;10;117;11,9;4,942665;8,980335
21;2;1;1;23;7,4;0,258704;1,443296
43;2;8;11;48;9,7;1,317648;3,338352
27;2;3;4;28;4,2;0,537432;0,638568
21;3;0;1;21;10,4;1,537536;0,646464
29;2;3;5;45;14,1;1,681425;4,663575
41;2;2;10;40;7,9;0,30968;2,85032
28;4;5;3;30;7;0,462;1,638
48;2;5;10;43;6,9;2,263821;0,703179
25;5;0;3;66;2,8;0,903672;0,944328
41;2;3;7;62;7;2,8861;1,4539
22;2;1;2;24;16,1;0,795984;3,068016
47;3;8;11;43;11,8;2,273152;2,800848
18;2;0;0;24;5,3;0,594024;0,677976
28;5;0;4;50;8,6;0,2795;4,0205
41;2;5;8;37;5,8;0,345506;1,800494
31;2;2;7;42;10,3;0,856548;3,469452
19;2;0;0;21;14,3;1,219218;1,783782
31;3;1;7;28;2;0,17416;0,38584
18;2;0;0;21;21,8;1,44207;3,13593
39;2;5;5;39;4,2;0,719082;0,918918
20;2;0;0;17;7,3;0,572101;0,668899
31;4;8;4;29;6,8;1,118124;0,853876
23;1;3;1;41;5,5;0,674245;1,580755
25;3;3;3;58;20,6;3,500764;8,447236
29;4;3;1;47;2,9;0,53157;0,83143
38;3;15;4;136;20,2;6,758112;20,713888
39;1;8;9;41;0,1;0,026896;0,014104
28;4;4;4;20;15,5;0,3038;2,7962
40;3;10;12;38;6,1;0,917928;1,400072
46;3;2;13;56;2,3;0,413448;0,874552
61;1;45;22;209;10,9;4,123361;18,657639
49;4;18;13;182;4,8;0,943488;7,792512
71;2;35;19;131;11,6;6,032812;9,163188
20;1;2;0;20;2,7;0,20088;0,33912
20;3;0;0;20;11,3;1,96168;0,29832
18;2;0;0;29;5,6;0,898072;0,725928
32;5;3;6;59;9;1,85319;3,45681
42;3;2;13;22;13,6;1,463088;1,528912
43;3;9;9;57;4,5;1,808325;0,756675
27;1;7;5;43;10;1,1997;3,1003
23;2;3;2;66;2,7;0,79299;0,98901
21;2;1;0;33;13,1;1,314192;3,008808
49;3;24;11;90;13,9;8,05644;4,45356
49;2;28;11;93;12,8;1,559424;10,344576
19;2;0;0;28;9,7;1,347136;1,368864
24;4;0;2;21;11;0,71841;1,59159
23;4;0;1;30;12,8;2,29632;1,54368
43;3;13;9;82;9,9;1,777842;6,340158
28;2;8;3;22;5,4;0,165132;1,022868
26;4;2;3;36;14,4;1,89216;3,29184
40;4;7;11;33;12,4;0,646536;3,445464
47;1;22;17;108;8,9;1,374516;8,237484
19;2;0;0;22;16,8;1,637328;2,058672
71;1;18;27;57;11,5;2,58267;3,97233
72;4;26;24;146;12,6;2,11554;16,28046
45;2;1;10;43;2,8;0,384076;0,819924
20;3;0;0;29;17;1,93256;2,99744
42;2;7;8;47;7,8;1,019148;2,646852
33;4;1;3;40;13,3;0,87248;4,44752
42;2;19;8;63;20,4;5,307876;7,544124
20;3;0;0;28;10,4;0,93184;1,98016
20;3;0;1;19;4,5;0,34542;0,50958
20;3;0;0;20;13,5;0,5913;2,1087
34;3;11;5;68;11,9;3,366272;4,725728
39;1;12;11;47;9,5;1,031415;3,433585
42;1;2;10;38;3,6;0,387144;0,980856
61;1;7;22;35;10,4;0,69524;2,94476
30;4;2;6;61;2,9;0,640378;1,128622
39;4;12;9;82;6,2;1,789568;3,294432
26;3;5;2;25;10,8;1,1286;1,5714
62;3;12;10;108;7,3;1,3797;6,5043
48;2;17;8;81;30;11,6397;12,6603
39;3;17;9;165;3,3;2,553705;2,891295
51;1;33;13;234;9,6;4,245696;18,218304
31;3;4;6;43;6,9;0,658674;2,308326
45;3;19;7;286;5;4,5331;9,7669
44;4;0;9;167;10,6;7,78888;9,91312
28;2;9;3;36;3,2;0,089856;1,062144
36;3;8;4;41;11,1;1,570095;2,980905
38;5;4;5;66;10,7;2,40108;4,66092
61;2;22;6;108;22,2;6,041952;17,934048
66;3;6;20;61;7,7;1,202432;3,494568
24;2;5;3;31;10,4;0,699608;2,524392
45;1;12;10;44;9,8;1,59544;2,71656
47;5;8;13;33;15,4;1,712634;3,369366
19;2;0;0;25;3,9;0,68055;0,29445
28;2;2;5;26;23,6;0,73632;5,39968
40;4;3;10;35;10;1,085;2,415
25;4;1;1;27;14,2;0,456246;3,377754
64;1;26;26;56;20,3;2,012136;9,355864
40;3;15;4;78;15,5;3,51819;8,57181
37;5;1;10;90;1,8;0,25434;1,36566
56;2;35;14;236;3,9;6,682104;2,521896
33;3;8;4;102;28,8;7,93152;21,44448
66;3;30;22;104;6,7;2,285504;4,682496
18;2;0;0;28;9,9;1,047816;1,724184
52;3;28;23;108;3,9;2,2113;2,0007
46;1;2;10;38;8,2;0,495444;2,620556
51;2;3;14;19;4,9;0,340746;0,590254
34;2;6;4;45;9,1;1,3104;2,7846
19;2;0;0;18;6,3;0,259686;0,874314
52;1;33;12;80;9;1,0584;6,1416
24;1;2;2;29;23,6;0,465392;6,378608
35;4;5;4;47;16,1;3,17814;4,38886
29;4;1;4;50;15,1;2,6727;4,8773
47;2;10;10;48;7;1,97568;1,38432
26;3;4;4;50;0,8;0,1324;0,2676
27;4;2;3;34;11,4;2,158932;1,717068
19;2;0;0;36;6,7;0,890028;1,521972
51;2;28;20;134;4,1;1,752586;3,741414
46;1;13;12;94;15,7;8,308754;6,449246
23;3;1;1;30;13,6;2,04;2,04
19;2;0;0;20;5,6;0,15568;0,96432
23;2;3;1;27;17,8;0,927558;3,878442
30;4;1;6;16;8,5;1,07848;0,28152
21;3;0;0;35;6,8;0,90916;1,47084
20;3;0;0;35;5,8;0,76125;1,26875
23;4;0;2;36;1,1;0,10494;0,29106
46;3;2;14;27;12,1;0,545589;2,721411
43;2;20;8;180;7,3;4,2048;8,9352
27;2;5;3;28;5,2;0,496496;0,959504
45;1;3;13;38;22,1;2,594982;5,803018
22;3;1;2;27;9,8;0,246078;2,399922
41;2;13;7;50;14,2;3,7204;3,3796
52;1;8;6;43;17,5;3,438925;4,086075
53;2;34;18;251;15,9;12,37179;27,53721
20;3;0;0;45;7,7;1,14345;2,32155
30;5;2;8;99;1,5;0,79596;0,68904
68;2;0;17;22;12,5;1,0505;1,6995
31;4;0;7;41;3,8;1,11397;0,44403
54;2;2;21;32;6,7;0,173664;1,970336
26;3;2;3;38;7,6;1,394904;1,493096
32;2;12;6;61;8,2;0,295118;4,706882
27;2;4;2;34;15,1;0,836842;4,297158
60;3;22;10;60;22,3;3,25134;10,12866
47;2;13;19;58;3,5;0,61915;1,41085
47;2;6;11;75;15,2;2,9298;8,4702
69;4;7;20;75;13,5;1,03275;9,09225
45;2;7;8;32;5,4;0,1296;1,5984
29;3;2;5;31;6,8;1,41236;0,69564
29;3;4;5;67;7,9;0,931568;4,361432
27;1;5;2;33;5,1;0,578952;1,104048
44;1;9;3;37;18,4;2,920632;3,887368
21;3;0;1;55;17,1;6,90327;2,50173
26;3;4;4;28;15;2,3814;1,8186
56;3;26;13;384;11,2;23,310336;19,697664
38;4;4;8;91;3,9;1,015014;2,533986
42;4;17;8;54;10,3;0,294786;5,267214
43;3;13;11;59;11;1,71985;4,77015
37;2;17;6;123;10,6;3,885324;9,152676
64;3;15;22;227;29,9;35,97269;31,90031
39;2;0;10;38;7,5;0,1995;2,6505
21;2;1;0;20;20,3;0,41412;3,64588
30;4;5;3;62;2,6;0,70122;0,91078
52;2;9;12;72;15,4;4,080384;7,007616
40;4;5;9;62;8;1,49296;3,46704
23;2;3;2;25;2,5;0,174375;0,450625
40;2;2;7;32;3,4;0,175168;0,912832
19;2;0;0;37;3;0,21312;0,89688
22;4;0;0;36;3,3;0,277992;0,910008
50;1;20;11;67;18,4;7,236536;5,091464
36;5;7;12;67;8,2;3,098616;2,395384
47;3;14;16;36;0,9;0,083916;0,240084
19;2;0;0;50;1,8;0,4851;0,4149
32;3;10;7;70;3,2;0,85344;1,38656
20;3;0;0;32;8,5;1,11248;1,60752
20;2;0;0;26;4;0,39104;0,64896
22;4;0;2;31;7,6;0,197904;2,158096
23;4;0;2;45;10,7;0,611505;4,203495
62;2;4;5;38;11,3;0,94468;3,34932
29;2;9;3;69;6,7;1,072536;3,550464
34;1;6;6;33;6,4;0,525888;1,586112
18;2;0;0;25;6,2;0,61845;0,93155
23;3;2;2;47;14,6;2,936936;3,925064
35;1;5;8;62;8,5;1,98679;3,28321
30;3;5;3;27;6,2;0,860436;0,813564
36;3;7;10;118;11,2;8,484672;4,731328
18;2;0;0;28;2,4;0,22176;0,45024
26;2;2;4;30;40,7;5,4945;6,7155
18;2;0;0;33;8,2;0,836154;1,869846
31;2;11;8;47;26,9;3,514754;9,128246
33;3;3;2;46;3,8;0,407284;1,340716
20;1;2;0;20;18,8;1,19192;2,56808
22;4;0;1;36;10,7;1,667916;2,184084
22;2;3;1;45;11,1;1,84815;3,14685
22;1;4;1;24;4,4;0,531168;0,524832
26;4;0;2;103;14,3;8,54282;6,18618
34;1;10;7;96;5,4;1,653696;3,530304
30;1;13;2;42;15,3;0,944622;5,481378
40;3;15;5;53;23,5;1,905615;10,549385
21;2;1;0;43;14,1;3,377091;2,685909
20;2;0;0;28;18;3,06936;1,97064
18;2;0;0;20;14,5;0,3335;2,5665
53;2;24;8;129;2,7;1,006587;2,476413
70;2;27;21;92;9,3;3,011712;5,544288
26;5;0;3;49;4,4;0,94864;1,20736
43;2;16;7;119;18,1;8,163281;13,375719
38;3;3;3;34;3,9;0,863226;0,462774
31;2;3;6;45;0,7;0,12663;0,18837
24;4;0;1;35;1,2;0,04242;0,37758
44;4;21;14;314;4,7;3,497646;11,260354
62;5;31;14;699;5,9;6,59856;34,64244
52;3;24;10;403;5,1;8,323965;12,229035
33;4;3;2;40;1,2;0,25536;0,22464
26;4;1;3;39;2;0,32604;0,45396
34;2;4;8;46;5,5;0,70334;1,82666
54;4;0;14;66;9,6;1,983168;4,352832
61;1;0;24;25;33;3,42375;4,82625
44;5;2;13;91;4,8;1,022112;3,345888
22;2;0;2;16;9,8;0,312032;1,255968
19;1;3;0;21;7,1;0,484575;1,006425
20;2;0;0;26;8,9;0,504452;1,809548
35;4;10;7;44;0,5;0,10846;0,11154
24;4;0;2;28;4;0,70448;0,41552
30;5;1;6;33;7,4;0,632478;1,809522
21;1;1;1;29;24;2,19936;4,76064
45;4;0;14;81;4,1;1,507734;1,813266
38;5;9;11;66;1,2;0,589248;0,202752
21;2;1;1;37;8,5;0,896325;2,248675
45;4;7;13;42;36,8;10,185504;5,270496
40;1;22;8;141;11;5,05626;10,45374
22;4;0;1;74;7,5;1,85925;3,69075
56;2;34;21;475;2,3;3,878375;7,046625
37;2;9;11;41;2,9;0,110577;1,078423
29;2;3;2;42;9,3;1,765512;2,140488
37;4;10;6;97;8,3;2,01275;6,03825
20;1;3;0;21;17,9;0,52626;3,23274
30;3;6;4;20;9,7;0,51216;1,42784
26;4;0;3;36;17,9;3,015792;3,428208
18;2;0;0;47;3,6;1,213164;0,478836
31;1;5;7;27;4,2;0,559062;0,574938
44;3;8;8;49;16,3;2,459996;5,527004
19;2;0;0;24;12,5;0,936;2,064
77;5;2;24;28;10,6;1,371216;1,596784
37;4;0;9;83;14,9;5,899059;6,467941
35;4;9;6;123;6,1;1,703181;5,799819
24;4;0;0;64;13;3,97696;4,34304
31;4;1;4;43;7,9;2,493398;0,903602
59;4;19;21;174;27,9;16,408548;32,137452
18;2;0;0;27;4,1;0,169371;0,937629
29;2;8;5;35;21,1;1,65424;5,73076
38;4;6;7;25;31,3;2,214475;5,610525
27;3;3;5;26;2;0,0416;0,4784
49;2;15;11;35;3;0,735;0,315
24;3;1;2;23;14,8;0,796536;2,607464
27;4;3;5;36;16,2;1,388016;4,443984
26;2;2;4;26;14,5;0,55796;3,21204
32;4;0;6;37;3,1;0,592999;0,554001
53;5;16;13;51;4,1;0,949314;1,141686
19;2;0;0;17;14,1;1,035504;1,361496
18;2;0;0;19;6,4;0,3952;0,8208
19;2;1;0;21;7,9;1,104894;0,554106
51;2;25;16;96;21,5;7,30656;13,33344
30;5;3;2;40;16,9;2,21728;4,54272
63;1;22;21;61;13,5;1,82817;6,40683
30;4;1;4;73;29,8;7,048296;14,705704
27;4;3;3;43;4,5;0,57663;1,35837
42;2;15;9;46;13,1;1,060576;4,965424
24;4;0;3;44;13,5;2,38194;3,55806
20;2;0;0;23;23,6;3,539056;1,888944
28;3;4;5;20;6,2;0,57288;0,66712
25;2;3;2;23;5;0,27945;0,87055
24;4;0;3;49;5;0,8722;1,5778
36;3;9;7;76;5,7;0,294576;4,037424
44;2;11;12;50;22;2,112;8,888
23;3;0;1;45;15,8;1,12338;5,98662
32;3;1;4;26;3,3;0,236808;0,621192
32;2;9;7;53;14,9;5,812192;2,084808
35;4;7;6;76;7;0,5586;4,7614
30;3;3;6;34;14,3;2,255968;2,606032
30;1;4;3;36;9,6;0,82944;2,62656
31;2;6;5;26;6,5;0,32617;1,36383
23;1;0;2;16;17,2;0,90816;1,84384
46;1;11;8;61;10,4;3,444792;2,899208
59;1;33;17;308;6,7;7,387688;13,248312
39;5;1;10;185;7;10,45065;2,49935
29;5;3;3;55;27,1;8,3468;6,5582
26;4;2;4;19;3,8;0,106134;0,615866
34;2;6;7;27;6,4;0,269568;1,458432
30;1;12;5;35;5,7;1,33665;0,65835
23;4;0;2;29;9,4;0,839608;1,886392
22;4;0;1;76;7,7;3,616536;2,235464
27;4;0;4;46;1,9;0,232484;0,641516
30;3;0;5;70;6,9;0,37191;4,45809
23;2;0;1;22;9;0,7128;1,2672
42;5;12;13;34;6,1;0,557906;1,516094
29;4;2;3;55;15,6;1,48434;7,09566
47;2;16;8;66;1,7;0,097614;1,024386
34;4;8;7;30;5,7;1,08243;0,62757
31;2;11;7;51;12,4;4,135896;2,188104
35;4;10;4;53;19;3,63527;6,43473
19;1;2;0;21;12;0,15372;2,36628
30;1;7;7;40;11,4;1,7784;2,7816
25;4;0;2;35;0,6;0,07119;0,13881
38;5;11;8;40;8,8;1,6544;1,8656
18;2;0;0;34;2,8;0,292264;0,659736
53;2;10;14;62;13,4;2,376088;5,931912
31;1;10;5;60;27,3;6,27354;10,10646
38;4;7;7;274;2,3;4,31687;1,98513
19;2;0;0;21;2,5;0,03255;0,49245
20;1;2;0;18;2,3;0,05589;0,35811
21;2;2;1;22;9,2;1,048432;0,975568
19;2;0;0;17;5,5;0,50864;0,42636
23;4;0;1;42;12,2;2,239188;2,884812
65;2;25;20;48;7,7;2,812656;0,883344
45;5;18;12;88;9,6;4,038144;4,409856
21;3;0;1;22;1,5;0,09702;0,23298
54;3;8;10;67;10,5;1,245195;5,789805
22;4;0;2;24;8;0,63936;1,28064
20;3;0;0;23;14,2;1,86162;1,40438
41;2;12;9;58;13,1;3,783804;3,814196
36;2;14;3;71;6,9;1,425609;3,473391
33;3;11;8;79;10,8;3,080052;5,451948
23;2;2;2;34;3,3;0,21879;0,90321
46;3;8;6;119;5,6;1,112888;5,551112
21;3;0;0;15;6,1;0,07137;0,84363
28;4;2;4;62;34,8;3,862104;17,713896
39;3;9;8;69;6;0,55476;3,58524
54;4;4;9;69;12;1,17576;7,10424
75;1;22;23;56;7,8;1,786512;2,581488
31;4;1;7;69;0,4;0,189336;0,086664
55;2;32;8;229;4,9;3,02967;8,19133
20;3;0;0;18;17,4;0,42282;2,70918
39;5;3;9;42;15,2;3,077088;3,306912
37;3;2;8;55;8;1,6412;2,7588
20;3;0;0;41;4,3;0,470721;1,292279
57;4;10;10;149;10;3,6356;11,2644
50;1;20;15;117;7,6;3,147768;5,744232
33;1;2;7;28;1,6;0,13888;0,30912
36;1;16;10;44;7,4;1,960112;1,295888
21;2;1;0;29;5,7;0,639711;1,013289
37;3;12;11;121;13,6;4,68996;11,76604
27;5;0;4;24;6,1;0,165432;1,298568
28;4;5;5;112;9,9;0,931392;10,156608
27;3;4;5;40;13,2;3,72768;1,55232
32;3;4;3;37;4,1;0,477855;1,039145
28;2;6;5;33;20,5;1,09593;5,66907
24;4;0;2;35;12,1;2,469005;1,765995
20;2;0;0;44;3,9;1,065636;0,650364
39;4;16;4;47;16,5;4,15668;3,59832
38;4;11;8;145;18,5;1,44855;25,37645
65;2;38;11;352;2,5;0,3872;8,4128
56;2;34;19;215;13,9;14,374685;15,510315
18;2;0;0;57;3,1;1,238667;0,528333
20;1;0;1;18;9,5;0,15903;1,55097
62;1;4;13;27;13,2;1,72854;1,83546
39;2;13;8;112;21,2;4,63008;19,11392
29;4;3;2;102;9,8;4,828068;5,167932
30;4;4;6;46;3,9;1,2558;0,5382
52;3;21;14;121;2,4;0,389136;2,514864
48;5;19;11;326;10,6;21,182828;13,373172
20;1;2;0;42;3,1;0,893172;0,408828
34;4;7;3;33;7,5;1,87605;0,59895
68;1;51;26;274;7;8,59264;10,58736
47;1;16;15;51;14,2;3,396498;3,845502
37;2;12;8;29;9,3;0,876525;1,820475
36;2;9;10;35;0,8;0,08652;0,19348
30;4;1;6;107;8,9;1,437973;8,085027
24;2;0;2;21;13,7;1,378083;1,498917
24;4;0;2;49;13,6;3,038784;3,625216
31;2;0;6;34;4,2;0,714;0,714
41;4;15;13;89;9,2;2,554656;5,633344
19;2;0;0;25;24,7;1,228825;4,946175
20;3;0;1;23;1;0,02369;0,20631
30;2;8;5;65;9,2;2,44582;3,53418
42;2;5;12;72;19,3;0,250128;13,645872
27;1;5;5;34;1;0,06018;0,27982
24;4;0;2;38;1,6;0,034048;0,573952
38;2;16;6;71;6,6;1,537008;3,148992
24;1;7;2;29;13,6;0,642872;3,301128
48;2;7;11;80;3,7;0,78736;2,17264
49;4;0;11;77;2;0,20944;1,33056
18;2;0;0;29;25,9;2,388498;5,122502
64;2;11;28;27;2,4;0,082296;0,565704
19;1;3;0;22;10,9;0,472406;1,925594
49;3;2;17;36;23,6;2,659248;5,836752
29;4;1;4;26;6,6;0,507936;1,208064
28;2;3;5;64;9,4;1,034752;4,981248
27;2;4;3;32;6,7;0,555296;1,588704
24;4;0;2;40;8,6;1,204;2,236
23;1;2;2;38;12,2;2,22528;2,41072
43;5;3;8;30;3,1;0,34224;0,58776
29;5;1;5;51;12,5;2,428875;3,946125
61;3;35;9;327;4,6;7,626294;7,415706
22;4;0;1;20;6,5;0,6019;0,6981
24;2;2;3;34;2,4;0,274992;0,541008
30;3;8;3;65;8,8;1,9162;3,8038
37;3;3;4;57;10,8;0,720252;5,435748
27;2;4;1;36;14,7;1,460592;3,831408
22;4;0;1;29;3,7;0,079402;0,993598
28;5;1;3;77;0,2;0,057596;0,096404
31;2;11;4;41;2;0,33784;0,48216
44;1;14;12;68;14,9;1,783232;8,348768
69;2;24;22;84;20,2;5,633376;11,334624
26;2;5;2;42;10,6;2,128056;2,323944
51;3;9;15;96;16,8;0,580608;15,547392
20;3;0;0;77;9,6;3,851232;3,540768
24;3;2;0;43;7,3;1,243044;1,895956
53;1;17;9;59;0,5;0,032155;0,262845
29;2;0;4;28;4,7;0,139496;1,176504
52;3;28;16;368;21,3;24,063888;54,320112
28;3;4;4;20;21,1;0,5697;3,6503
35;2;17;5;160;13,5;9,072;12,528
20;2;0;0;27;10,3;0,386559;2,394441
27;5;0;3;36;4,1;0,729144;0,746856
34;4;2;4;46;22,5;1,21095;9,13905
46;5;13;14;84;9,9;1,713096;6,602904
36;4;4;8;101;6,7;2,091003;4,675997
51;4;4;6;43;3,3;0,195822;1,223178
39;1;20;10;52;19,7;2,325388;7,918612
33;4;4;6;24;27,7;3,204336;3,443664
65;2;38;25;231;9,3;2,019402;19,463598
35;3;10;8;263;4,9;9,265753;3,621247
41;2;22;7;226;17,4;7,117644;32,206356
23;3;0;1;33;1,7;0,244035;0,316965
23;1;5;1;23;24,3;3,504303;2,084697
34;5;0;5;120;6,4;5,55264;2,12736
18;2;0;0;30;19,8;2,29878;3,64122
29;5;3;2;26;7,8;0,458328;1,569672
38;4;13;12;204;19,5;15,43464;24,34536
32;4;8;5;44;13,7;1,350272;4,677728
34;2;12;7;58;19,9;2,493072;9,048928
37;1;14;4;67;13,4;2,118808;6,859192
37;3;4;6;53;15,5;1,26511;6,94989
37;3;4;6;30;4,6;0,71208;0,66792
45;4;16;13;53;5,7;0,933489;2,087511
48;3;4;12;57;12,1;2,462229;4,434771
36;1;12;5;55;5,8;1,19625;1,99375
26;2;1;3;42;1,5;0,08379;0,54621
60;1;31;22;170;8;8,772;4,828
37;2;2;9;31;9,6;1,538592;1,437408
27;4;1;2;21;14,4;0,517104;2,506896
26;1;6;2;46;9,8;0,3381;4,1699
32;3;7;5;34;10,7;0,516596;3,121404
23;3;0;1;16;7,8;0,351936;0,896064
58;3;18;13;54;4,2;0,821016;1,446984
34;1;0;7;26;1,9;0,175864;0,318136
30;2;0;4;17;4,9;0,411502;0,421498
25;3;2;3;52;7,7;1,073072;2,930928
24;2;3;2;24;10,7;1,982496;0,585504
34;4;1;7;40;17,6;1,67552;5,36448
64;1;7;26;24;6,5;0,29172;1,26828
29;4;2;5;34;19;1,02714;5,43286
21;2;1;1;29;0,9;0,023229;0,237771
50;4;9;11;24;15,7;0,58404;3,18396
25;4;0;2;29;15,7;1,825753;2,727247
27;2;6;5;20;13,2;1,44408;1,19592
25;3;4;3;41;18,4;2,006704;5,537296
27;4;3;5;41;4,8;0,554976;1,413024
26;2;4;4;31;5,5;0,25234;1,45266
49;2;6;12;49;1,7;0,504798;0,328202
41;3;0;8;39;29,1;2,15631;9,19269
30;2;4;2;55;5,5;1,452;1,573
37;1;16;8;43;5,6;0,642936;1,765064
34;2;9;3;62;8;0,3968;4,5632
50;4;23;11;104;4,8;0,933504;4,058496
28;3;4;2;58;12,6;2,477412;4,830588
19;2;0;0;20;3,1;0,25978;0,36022
25;4;0;1;31;3,9;0,368745;0,840255
18;2;0;0;15;12,2;0,366;1,464
24;4;0;2;32;5,6;0,249088;1,542912
30;2;5;6;26;14,8;0,973544;2,874456
36;2;1;4;55;19,6;6,3602;4,4198
32;4;0;5;38;3,7;0,181374;1,224626
41;4;2;7;94;7;1,16466;5,41534
47;2;28;11;189;3,2;4,179168;1,868832
57;1;26;22;78;5,8;1,239576;3,284424
26;1;4;3;34;19;0,67184;5,78816
34;4;6;5;65;14,4;4,97952;4,38048
33;2;0;7;64;10,6;2,686464;4,097536
53;5;9;11;97;22,3;9,214806;12,416194
61;2;20;17;91;4,3;1,259986;2,653014
18;2;0;0;14;4,3;0,149898;0,452102
21;3;0;1;18;12,1;0,58806;1,58994
28;1;7;2;52;22,1;6,78028;4,71172
34;2;4;8;49;3,1;0,036456;1,482544
20;1;2;0;16;4,7;0,253424;0,498576
34;1;11;6;54;10,6;3,11958;2,60442
22;3;0;1;14;2,5;0,2583;0,0917
34;2;8;7;30;24,3;0,21141;7,07859
18;2;0;0;18;13,1;0,921978;1,436022
41;2;21;9;64;0,3;0,120576;0,071424
46;1;4;7;67;3,4;0,760852;1,517148
21;2;0;1;20;2,2;0,10076;0,33924
51;2;19;16;47;22,7;3,275383;7,393617
27;5;0;3;25;22,9;1,08775;4,63725
35;2;15;3;30;21,3;1,28439;5,10561
22;4;0;2;26;6;0,0156;1,5444
65;1;38;13;143;11,1;1,174602;14,698398
43;3;5;11;27;21,2;2,827656;2,896344
23;4;0;2;23;18;0,50922;3,63078
66;2;43;22;152;9;5,0616;8,6184
25;2;3;2;48;8,2;2,865408;1,070592
35;4;0;11;84;3,4;1,182384;1,673616
19;2;0;0;20;12,8;1,14176;1,41824
25;4;1;1;20;6,9;0,42504;0,95496
23;4;0;1;62;3;0,558;1,302
23;3;2;1;40;21,2;2,65424;5,82576
49;3;12;11;85;4,5;2,291175;1,533825
45;4;6;10;59;10,6;3,802432;2,451568
45;2;10;13;45;2,9;0,18531;1,11969
32;4;6;7;31;5,2;0,37882;1,23318
28;4;0;4;60;0,5;0,0825;0,2175
44;3;22;9;131;7;0,8253;8,3447
49;3;20;9;140;9,9;4,42134;9,43866
19;2;0;0;19;4,4;0,0627;0,7733
34;3;0;6;24;9,4;0,076704;2,179296
51;3;2;15;34;7,2;1,767456;0,680544
28;2;4;4;25;34,8;1,044;7,656
51;4;20;18;512;6,5;6,8224;26,4576
24;4;0;1;63;26,9;7,185528;9,761472
41;5;9;14;87;4,4;0,777084;3,050916
23;4;0;1;35;15;0,399;4,851
33;4;3;7;19;17,2;0,369284;2,898716
42;2;18;5;176;5,6;3,912832;5,943168
20;3;0;0;16;3,5;0,23016;0,32984
27;2;3;4;26;2,6;0,093964;0,582036
34;2;9;3;29;11,6;1,063024;2,300976
20;2;0;0;34;12,9;0,89913;3,48687
66;2;9;23;54;15,8;1,339524;7,192476
19;2;0;0;20;12,7;1,21666;1,32334
33;5;2;7;79;23,7;10,466157;8,256843
22;3;1;1;17;25,4;2,379218;1,938782
40;2;5;7;43;23,9;3,689443;6,587557
55;5;25;12;73;19,1;5,800288;8,142712
25;4;1;1;15;8,9;0,559365;0,775635
23;3;0;1;30;6,9;0,55476;1,51524
37;4;13;5;225;1,1;1,418175;1,056825
18;2;0;0;21;6,6;0,07623;1,30977
23;2;4;1;22;3,8;0,077748;0,758252
27;2;2;2;55;11,7;0,54054;5,89446
42;5;6;8;20;15,3;1,43208;1,62792
31;3;9;6;23;7,8;0,446706;1,347294
33;2;9;5;34;12,7;3,160776;1,157224
58;4;26;21;132;2,4;0,975744;2,192256
58;3;24;24;138;3,9;2,857842;2,524158
48;2;12;12;51;4,3;0,2193;1,9737
26;2;2;4;55;11;4,6948;1,3552
28;5;2;5;18;11,9;0,317016;1,824984
22;1;4;1;21;9;0,86562;1,02438
18;2;0;0;18;8;0,40464;1,03536
57;2;4;12;61;2,3;0,109434;1,293566
19;2;1;0;24;12,3;1,109952;1,842048
31;4;4;5;36;22,4;0,153216;7,910784
18;1;1;0;18;8;0,74016;0,69984
23;3;0;1;18;4;0,05328;0,66672
19;2;0;0;14;8,2;0,377692;0,770308
29;3;0;4;70;16,5;8,21205;3,33795
29;3;8;5;39;11,6;3,25728;1,26672
25;2;2;3;24;3;0,15408;0,56592
18;2;0;0;24;0,9;0,126144;0,089856
40;3;4;6;87;1,2;0,860256;0,183744
31;2;11;8;36;4,7;0,125208;1,566792
52;4;2;12;84;3,1;0,203112;2,400888
37;2;18;3;39;26,9;5,45532;5,03568
40;3;18;13;84;6,2;0,942648;4,265352
18;2;0;0;17;11,9;0,165886;1,857114
45;1;24;14;69;3,2;1,333632;0,874368
34;3;11;6;52;12,9;4,165668;2,542332
19;2;0;0;21;12,6;1,225098;1,420902
25;3;3;1;27;16,9;1,085994;3,477006
53;2;30;12;220;12,9;2,80962;25,57038
30;3;4;4;39;11,6;1,393392;3,130608
49;5;23;11;178;19,4;5,594184;28,937816
21;2;2;1;23;3,5;0,25438;0,55062
40;2;0;12;21;36,6;4,350276;3,335724
18;2;0;0;23;11,5;0,66125;1,98375
18;2;0;0;15;8;0,2244;0,9756
34;1;10;6;50;5,3;0,583;2,067
33;4;5;8;27;20,6;1,090152;4,471848
45;3;23;10;55;13,3;1,455685;5,859315
40;4;15;13;111;9,6;1,875456;8,780544
49;1;4;11;36;9,9;1,357884;2,206116
27;3;0;4;31;3,7;0,284456;0,862544
52;1;26;12;77;28,6;5,263258;16,758742
23;2;1;2;30;18,2;1,37046;4,08954
39;3;16;10;46;11,3;1,450242;3,747758
20;2;0;1;28;9,8;0,65856;2,08544
26;3;0;3;23;10,9;1,707267;0,799733
62;4;23;22;124;23;19,05136;9,46864
39;2;1;9;27;1,4;0,097902;0,280098
26;1;5;2;47;21,7;6,139798;4,059202
35;2;15;8;66;3,3;1,054152;1,123848
46;5;11;9;136;4,9;3,272024;3,391976
47;4;17;17;61;7,5;3,124725;1,450275
56;1;3;16;38;18,7;3,716438;3,389562
21;3;0;1;33;9,1;1,048047;1,954953
29;2;0;5;33;5,8;0,578028;1,335972
28;2;3;5;53;5,7;1,57092;1,45008
28;3;3;3;61;16,1;3,162362;6,658638
30;1;4;6;30;10,8;1,03032;2,20968
20;1;1;0;22;10,1;0,142208;2,079792
24;4;0;2;29;9,6;1,038432;1,745568
29;4;5;4;73;25,1;2,180437;16,142563
19;2;0;0;15;9,5;0,397575;1,027425
63;2;29;19;208;16,6;21,890752;12,637248
39;2;17;9;90;6,8;3,44556;2,67444
22;4;0;1;30;3,4;0,153;0,867
30;2;2;4;34;11,6;1,392232;2,551768
24;1;4;2;24;18;1,6416;2,6784
25;4;1;2;66;4,2;0,5544;2,2176
22;2;2;1;39;4,7;0,500409;1,332591
35;5;0;9;36;13,3;0,986328;3,801672
51;3;14;16;161;1,4;0,565754;1,688246
65;2;0;25;57;6,2;1,67865;1,85535
38;4;14;7;192;28,9;5,27136;50,21664
28;2;8;4;24;24,6;4,07376;1,83024
30;4;2;5;27;10,6;0,735534;2,126466
22;4;0;2;46;8,6;1,764376;2,191624
19;2;0;0;28;7,5;1,5141;0,5859
48;4;24;18;66;4,4;0,31944;2,58456
18;2;0;0;16;8,3;0,173968;1,154032
29;2;1;5;39;10,3;2,984631;1,032369
37;2;0;9;37;16,2;0,92907;5,06493
23;4;0;1;73;0,7;0,251923;0,259077
27;3;4;5;41;6,1;1,653161;0,847839
38;4;10;11;63;12,2;2,759274;4,926726
39;3;10;7;45;25;1,76625;9,48375
28;4;4;3;48;24,3;3,335904;8,328096
54;3;2;19;35;6,4;0,93184;1,30816
39;4;12;10;98;1,6;0,1568;1,4112
19;2;0;0;26;17,2;2,647424;1,824576
71;1;2;13;23;10,1;1,435614;0,887386
24;2;4;2;21;3,8;0,359898;0,438102
28;2;3;4;20;9;0,3672;1,4328
21;1;4;1;15;7,3;0,053655;1,041345
36;2;8;2;42;3,1;0,753858;0,548142
36;2;1;8;31;21;0,33201;6,17799
23;1;0;2;20;8,4;0,2436;1,4364
28;3;3;3;25;18,8;1,1562;3,5438
26;3;0;3;31;3,1;0,103788;0,857212
36;5;3;7;45;3,3;0,46629;1,01871
32;4;2;2;55;10,6;1,43418;4,39582
24;4;0;1;56;9,3;1,546776;3,661224
19;2;0;0;55;7,9;0,612645;3,732355
28;4;2;3;22;6,2;0,758384;0,605616
40;5;1;11;32;18,6;3,404544;2,547456
33;5;6;4;121;15,1;3,307051;14,963949
34;3;0;4;23;6,8;0,686596;0,877404
19;2;0;0;30;4;0,5208;0,6792
44;1;17;14;107;13;3,82525;10,08475
29;2;1;6;36;9,3;1,419552;1,928448
65;1;10;18;32;9,9;1,365408;1,802592
45;2;18;11;59;8,9;2,741022;2,509978
33;2;4;8;79;12,6;8,550486;1,403514
32;3;3;5;34;12,4;2,183888;2,032112
32;4;5;6;67;8,4;3,382428;2,245572
23;3;0;1;34;9,2;1,254328;1,873672
25;5;0;2;60;8,4;1,25496;3,78504
22;4;0;1;23;6,2;0,346518;1,079482
27;1;6;2;20;14,3;0,37752;2,48248
43;4;0;10;94;19,9;6,322628;12,383372
53;4;26;20;249;5,8;7,58205;6,85995
24;3;2;3;22;5,6;0,082544;1,149456
43;2;13;13;62;24,2;8,072152;6,931848
25;1;4;1;33;13,2;1,629144;2,726856
26;3;0;3;24;32;4,416;3,264
18;2;0;0;34;16,3;1,873196;3,668804
46;4;14;10;57;4,7;0,251826;2,427174
46;4;22;10;160;15,5;9,92;14,88
52;2;22;17;87;11,3;0,707832;9,123168
35;3;3;7;54;11;1,16424;4,77576
23;3;1;2;63;16,8;3,143448;7,440552
33;1;7;5;33;6,9;0,678546;1,598454
18;2;0;0;28;8,1;0,843696;1,424304
31;2;11;8;37;5,7;0,824619;1,284381
30;3;4;3;62;14,8;1,532392;7,643608
23;3;2;2;32;3;0,2784;0,6816
42;2;1;5;50;9,6;2,6016;2,1984
21;2;0;1;21;6,3;0,829521;0,493479
35;2;15;8;55;10,2;3,366;2,244
26;2;5;1;47;6,2;1,827078;1,086922
75;4;50;18;460;19,6;26,68736;63,47264
22;3;0;2;32;3,7;0,310208;0,873792
19;2;0;0;21;5,6;0,137592;1,038408
28;2;3;2;22;11,5;0,86526;1,66474
22;3;0;1;45;13,6;1,87272;4,24728
30;2;4;4;45;10;2,1285;2,3715
24;4;0;1;53;16,1;5,094201;3,438799
20;3;0;0;33;9,4;0,549054;2,552946
38;2;18;7;53;5,2;1,201616;1,554384
20;3;0;0;22;5,1;0,357918;0,764082
28;5;0;4;57;12,4;4,52352;2,54448
23;3;0;2;25;4,2;0,15855;0,89145
21;3;0;1;22;8,5;0,08228;1,78772
23;4;0;1;28;3,1;0,33852;0,52948
19;2;0;0;22;8,2;0,499708;1,304292
26;2;3;4;33;2,7;0,527472;0,363528
19;2;0;0;23;18,4;0,981824;3,250176
24;2;5;2;37;5,7;0,478743;1,630257
19;2;0;0;33;7,5;0,36135;2,11365
34;4;9;9;34;32,1;2,390166;8,523834
26;4;1;1;31;12,3;1,147713;2,665287
63;1;17;26;103;12,3;3,471306;9,197694
31;3;7;4;30;1,9;0,1653;0,4047
22;4;0;1;28;8,1;0,605556;1,662444
34;2;6;4;41;7,5;1,091625;1,983375
45;2;24;10;86;9,7;1,743478;6,598522
22;3;0;1;31;10,1;0,695082;2,435918
21;3;0;1;44;6,3;1,291752;1,480248
65;1;21;23;42;1,6;0,289632;0,382368
24;3;0;2;17;9,2;0,311236;1,252764
25;4;1;2;35;1,4;0,05929;0,43071
32;4;3;6;56;13,2;1,530144;5,861856
21;3;0;0;36;14,1;1,59894;3,47706
23;4;0;2;34;17;2,16172;3,61828
40;3;17;6;120;10,2;4,32072;7,91928
44;2;2;17;50;2,8;0,5166;0,8834
39;4;4;6;75;5,6;2,6208;1,5792
26;3;3;4;18;12,9;0,401706;1,920294
25;2;1;3;20;2,5;0,174;0,326
28;2;8;4;40;9,8;1,36024;2,55976
43;4;13;12;127;3;0,4191;3,3909
28;2;6;2;112;3,4;0,3808;3,4272
40;1;16;7;33;23,3;2,022207;5,666793
31;1;0;6;26;3,2;0,338624;0,493376
29;3;0;5;37;6,7;0,704036;1,774964
54;1;13;18;105;13,6;1,62792;12,65208
42;4;9;9;49;7,3;1,151794;2,425206
39;2;14;7;94;30,2;10,50356;17,88444
36;3;10;7;101;13,1;7,237357;5,993643
55;5;21;14;91;6,6;2,01201;3,99399
21;2;0;1;15;4,1;0,246;0,369
49;3;3;7;28;6,9;0,846216;1,085784
50;4;27;12;181;2,3;1,79009;2,37291
22;4;0;1;55;27,4;6,22391;8,84609
33;2;3;6;33;5,1;0,895356;0,787644
39;4;9;12;78;4,1;0,345384;2,852616
26;3;3;3;66;4;0,18744;2,45256
23;1;5;1;48;18;1,05408;7,58592
19;2;0;0;31;10,6;0,992372;2,293628
32;2;7;3;33;24,6;4,14018;3,97782
19;2;0;0;19;5,4;0,372438;0,653562
33;1;9;4;22;14,6;0,729124;2,482876
55;5;11;16;88;12,9;5,1084;6,2436
21;2;1;1;30;3,1;0,30969;0,62031
47;2;10;10;39;6,7;0,222105;2,390895
24;2;2;0;32;11;0,83072;2,68928
25;2;5;2;36;2,7;0,528768;0,443232
34;4;9;7;58;28,4;4,974544;11,497456
67;2;7;25;58;11,4;1,58688;5,02512
51;2;22;11;65;18,1;4,906005;6,858995
45;2;26;12;100;7,5;1,695;5,805
24;3;0;2;67;8,9;2,379237;3,583763
46;2;23;14;99;3,2;1,808928;1,359072
53;4;3;15;50;15,7;4,24685;3,60315
28;4;1;4;175;19,4;7,02765;26,92235
21;3;0;0;20;4;0,4832;0,3168
28;4;2;3;47;12,1;0,432212;5,254788
51;3;10;17;144;4,9;0,91728;6,13872
27;4;1;4;38;8,2;0,620084;2,495916
18;1;1;0;15;8,4;0,7434;0,5166
62;1;32;19;86;6,3;3,971394;1,446606
30;2;3;1;35;16,1;0,81144;4,82356
19;2;0;0;21;8,1;0,690606;1,010394
76;3;12;27;53;6,2;1,278254;2,007746
22;4;0;1;19;7,4;0,778924;0,627076
26;1;10;4;43;5,2;0,889928;1,346072
18;2;0;0;30;8,9;0,23496;2,43504
30;3;3;2;23;6,5;0,27807;1,21693
36;2;5;9;50;0,8;0,1192;0,2808
30;2;5;6;36;4,7;0,771552;0,920448
42;2;17;7;66;8,7;1,728342;4,013658
18;2;0;0;30;3,8;0,57228;0,56772
28;4;3;3;47;17,7;2,786865;5,532135
48;2;22;16;196;10,5;7,4088;13,1712
42;1;1;10;32;7,2;0,688896;1,615104
33;4;7;6;63;16,7;2,809107;7,711893
26;4;1;3;35;7;1,21275;1,23725
24;4;0;2;25;5,7;0,6384;0,7866
39;4;4;6;84;3,4;0,405552;2,450448
19;2;1;0;20;25,9;1,93732;3,24268
18;2;0;0;27;6,1;0,915732;0,731268
23;4;0;1;47;12,3;2,104284;3,676716
23;1;5;1;26;5,3;0,1378;1,2402
30;3;1;4;26;8;1,18352;0,89648
59;1;3;14;44;16,6;5,470696;1,833304
37;1;0;8;36;16,1;1,988028;3,807972
35;1;16;6;93;4,7;2,863005;1,507995
23;2;2;0;17;21,3;0,300543;3,320457
52;4;2;18;48;5,4;1,397088;1,194912
19;2;0;0;26;14,3;0,516802;3,201198
70;2;33;17;150;13,3;5,16705;14,78295
30;4;5;6;109;7,8;1,394328;7,107672
40;1;17;5;72;7,3;0,94608;4,30992
23;3;2;2;39;16,6;1,644396;4,829604
26;1;5;3;24;7,9;0,333696;1,562304
33;3;12;9;48;3,7;0,9324;0,8436
55;2;4;19;59;22;6,82748;6,15252
46;1;5;9;40;4,5;0,9774;0,8226
32;2;12;9;27;1,8;0,164754;0,321246
18;2;0;0;35;12,3;0,86961;3,43539
18;2;0;0;27;9,4;0,433998;2,104002
23;4;0;2;33;2,9;0,232551;0,724449
41;2;21;9;56;4,8;1,147776;1,540224
22;4;0;1;21;11,8;0,671538;1,806462
33;2;15;6;71;14,6;2,788454;7,577546
24;4;0;1;128;8,9;3,554304;7,837696
23;3;1;2;28;0,6;0,058632;0,109368
37;4;3;8;41;14,4;2,030976;3,873024
43;1;4;9;26;12,9;1,529424;1,824576
31;3;2;5;45;13,1;1,644705;4,250295
20;3;0;1;28;8,6;0,197456;2,210544
24;2;5;1;26;13,1;1,08992;2,31608
28;3;4;3;23;4,9;0,547722;0,579278
53;4;1;16;46;11,3;2,656178;2,541822
26;4;1;2;63;11,9;0,944622;6,552378
21;2;1;1;24;4,2;0,056448;0,951552
22;3;1;1;29;15,8;2,937062;1,644938
44;4;4;14;65;5,8;1,53439;2,23561
29;2;6;5;27;6,3;0,127575;1,573425
28;3;3;3;31;12,9;2,355411;1,643589
41;2;4;11;56;7,3;2,559088;1,528912
64;1;36;15;145;6,6;3,27294;6,29706
44;4;4;5;15;16,6;0,07968;2,41032
21;2;1;1;23;9,5;0,137655;2,047345
50;2;21;10;88;1,4;0,213136;1,018864
18;2;0;0;20;19;1,33;2,47
29;5;0;4;40;12,5;2,025;2,975
38;2;1;9;28;0,8;0,12768;0,09632
30;4;1;5;65;13,4;4,54662;4,16338
27;2;8;4;29;6,5;0,84825;1,03675
28;1;8;4;45;6;0,7155;1,9845
27;2;9;3;31;6,3;0,267561;1,685439
67;1;40;24;88;6,3;1,419264;4,124736
36;4;12;9;35;8,1;1,051785;1,783215
30;4;3;4;38;11,9;0,795872;3,726128
29;3;7;6;57;4,3;1,044126;1,406874
18;2;0;0;20;16,7;0,46426;2,87574
46;1;20;14;48;2,7;0,935712;0,360288
38;1;6;10;24;16,8;0,556416;3,475584
23;3;0;2;32;7,9;1,223552;1,304448
41;5;6;5;190;1,9;0,86279;2,74721
59;3;7;20;92;7,5;3,0567;3,8433
64;2;42;22;267;13,2;16,952364;18,291636
32;4;7;6;71;19,5;4,12581;9,71919
32;3;4;4;37;3,1;0,320013;0,826987
22;4;0;1;28;19,8;0,44352;5,10048
21;2;3;1;15;11,8;0,41595;1,35405
66;2;18;24;70;2,8;1,00156;0,95844
18;2;0;0;22;4,4;0,148104;0,819896
40;2;16;11;53;1,2;0,424848;0,211152
21;3;0;0;27;2,3;0,220455;0,400545
35;3;2;7;27;0,8;0,103464;0,112536
18;2;0;0;19;14,9;0,135888;2,695112
27;3;3;2;38;9,7;0,44232;3,24368
54;3;15;11;93;13,7;7,988607;4,752393
58;2;2;20;31;3,3;0,498201;0,524799
43;3;3;12;38;6;0,6156;1,6644
42;4;6;14;49;14,7;2,845185;4,357815
26;4;0;3;26;3,3;0,408408;0,449592
31;4;8;6;47;24,6;5,977554;5,584446
18;2;0;0;22;10,2;0,520608;1,723392
33;4;4;4;136;10,1;5,56308;8,17292
46;3;0;7;34;3,9;0,082212;1,243788
35;4;6;9;81;6,8;2,842128;2,665872
68;3;38;25;154;6,2;3,017168;6,530832
24;4;0;2;45;6,7;0,823095;2,191905
46;4;1;10;58;7,6;0,326192;4,081808
38;3;12;9;86;2,4;0,871008;1,192992
43;2;13;10;62;21,9;7,902396;5,675604
20;3;0;0;27;1;0,10827;0,16173
23;4;0;1;24;26,9;0,400272;6,055728
45;1;8;12;41;14,8;0,260924;5,807076
37;1;7;2;29;4,3;0,168345;1,078655
51;3;29;14;285;16,6;14,80803;32,50197
18;2;0;0;31;9,1;0,490854;2,330146
33;4;2;6;66;3,1;0,832722;1,213278
37;4;8;7;62;23,9;5,808656;9,009344
59;3;22;22;84;16;1,85472;11,58528
57;2;36;18;172;9,2;3,449632;12,374368
19;2;0;0;39;4,4;0,727584;0,988416
44;2;15;17;59;18,3;5,851974;4,945026
32;2;0;4;35;18,1;1,1403;5,1947
38;3;6;11;37;19,1;2,374512;4,692488
19;2;0;0;17;12,4;0,33728;1,77072
21;3;0;1;35;22,7;2,12926;5,81574
28;1;7;3;43;23,4;0,271674;9,790326
19;2;0;0;30;24,3;0,53217;6,75783
48;1;0;12;28;2,6;0,115752;0,612248
46;1;15;13;95;15,4;6,68591;7,94409
30;2;6;5;32;1,5;0,19296;0,28704
52;1;30;13;125;15,7;8,321;11,304
33;2;3;3;36;18;2,18376;4,29624
36;4;10;7;51;13,2;3,453516;3,278484
71;2;13;10;59;24,4;2,66326;11,73274
40;4;12;10;87;5,8;0,544968;4,501032
32;4;5;5;87;10,4;0,461448;8,586552
32;2;12;7;75;7,1;1,549575;3,775425
25;3;1;3;16;4,5;0,38664;0,33336
36;4;8;6;100;19,9;11,5619;8,3381
22;2;0;1;18;3,5;0,32697;0,30303
35;2;9;9;43;14,9;2,517951;3,889049
26;3;4;1;23;8,2;0,350796;1,535204
51;1;23;10;47;2,2;0,342254;0,691746
20;3;0;1;31;18,3;1,951512;3,721488
39;2;7;10;56;10,9;4,071368;2,032632
33;2;6;8;41;2,1;0,024108;0,836892
25;2;6;0;18;16,3;1,86309;1,07091
43;3;8;9;49;6;0,8673;2,0727
33;5;0;5;46;15,7;0,751088;6,470912
36;4;8;8;58;17,2;1,276928;8,699072
33;4;5;7;35;5,2;0,57876;1,24124
25;2;5;2;18;12,6;0,1134;2,1546
40;3;5;9;34;23,3;1,528946;6,393054
41;2;14;9;76;18;9,17928;4,50072
28;1;4;4;20;13,6;0,53312;2,18688
19;2;0;0;20;1,2;0,02688;0,21312
25;2;7;3;27;7,6;0,229824;1,822176
46;1;6;5;37;31,6;2,3384;9,3536
43;3;13;7;71;4,2;1,413468;1,568532
57;1;25;22;61;1,6;0,179584;0,796416
70;1;6;22;22;19,9;0,499092;3,878908
32;2;7;2;40;6,2;0,51088;1,96912
18;2;0;0;22;3,4;0,37026;0,37774
23;3;1;1;42;1,3;0,165438;0,380562
36;2;4;9;57;4,2;0,69426;1,69974
20;3;0;0;27;5,1;0,528768;0,848232
29;5;2;3;25;12;1,134;1,866
22;2;0;1;30;11,5;1,68705;1,76295
41;4;6;7;87;3,7;1,020423;2,198577
26;2;4;3;22;6,7;0,033902;1,440098
40;1;3;11;21;5,3;0,094605;1,018395
46;3;12;12;111;5,8;1,09446;5,34354
42;3;19;2;24;15,1;2,004072;1,619928
20;3;0;0;21;15,1;1,258887;1,912113
22;4;0;1;51;8,7;1,069317;3,367683
20;3;0;0;13;1,1;0,051051;0,091949
24;4;1;2;36;13;0,99684;3,68316
72;2;48;30;233;28,8;18,252288;48,851712
51;2;9;19;82;14,6;1,4965;10,4755
57;5;31;23;1079;1,4;1,96378;13,14222
33;3;3;9;26;12,8;0,918528;2,409472
48;5;2;6;52;13,1;1,519076;5,292924
40;1;2;6;30;3;0,0486;0,8514
26;1;2;2;23;2,5;0,031625;0,543375
30;1;0;6;25;5,7;0,480225;0,944775
39;2;0;4;36;7,5;0,8748;1,8252
44;3;6;12;39;8,9;1,822275;1,648725
40;3;15;12;129;11,9;4,820214;10,530786
60;2;2;18;29;3,3;0,536877;0,420123
47;2;8;13;49;18,4;1,5778;7,4382
41;4;15;12;127;18,2;18,121376;4,992624
22;1;4;0;27;4,1;0,334314;0,772686
42;1;8;10;65;14,6;2,69516;6,79484
42;2;20;16;117;23,3;12,730887;14,530113
19;2;0;0;28;2,8;0,242256;0,541744
59;3;11;21;55;10;1,4025;4,0975
23;2;2;2;25;10,6;0,5035;2,1465
64;2;24;18;83;8,4;0,167328;6,804672
25;4;0;3;42;14,3;0,762762;5,243238
31;2;10;5;41;17,9;0,359611;6,979389
32;2;1;6;129;19,9;11,911344;13,759656
19;2;0;0;35;9,3;0,93744;2,31756
42;4;12;5;15;14,4;0,66312;1,49688
19;1;0;0;20;11,7;1,16532;1,17468
38;2;18;5;55;16,1;2,33772;6,51728
28;1;7;5;32;9,2;0,945024;1,998976
24;2;1;2;19;16,3;0,188917;2,908083
38;3;9;9;66;5,5;0,57354;3,05646
54;1;22;16;49;5,2;0,759304;1,788696
20;3;0;0;29;11,7;1,252017;2,140983
51;3;10;18;57;19,5;3,57903;7,53597
30;2;0;5;26;3,6;0,478296;0,457704
26;2;2;2;36;9,4;0,774936;2,609064
25;1;0;1;19;8;0,84968;0,67032
29;2;5;4;26;5,3;0,628368;0,749632
50;1;27;12;85;11,8;3,44029;6,58971
50;5;22;13;71;4,9;1,311583;2,167417
39;3;7;5;39;12,2;0,7137;4,0443
29;3;3;4;74;3,6;0,580752;2,083248
32;5;0;5;22;14,8;0,205128;3,050872
26;2;1;3;24;13,4;1,476144;1,739856
29;2;10;6;50;9,8;2,9106;1,9894
25;3;3;2;43;15,6;3,682692;3,025308
33;2;3;7;29;5,4;0,374274;1,191726
20;3;0;0;25;5;0,13375;1,11625
24;3;0;1;23;7,4;0,241684;1,460316
21;1;2;1;25;9,8;0,4214;2,0286
42;3;16;8;71;3,3;0,756789;1,586211
20;2;1;0;37;7,1;0,97199;1,65501
40;1;2;14;31;2,4;0,221712;0,522288
36;2;10;3;77;11,3;1,496572;7,204428
18;2;0;0;18;2,3;0,085284;0,328716
69;1;4;32;25;7,1;0,47925;1,29575
27;4;2;1;31;3,9;0,562185;0,646815
53;3;31;18;120;9;1,6956;9,1044
23;4;0;2;19;1,4;0,18088;0,08512
32;2;0;7;22;22,5;0,57915;4,37085
26;4;1;4;38;13,3;0,313348;4,740652
29;3;7;3;21;5,9;0,795438;0,443562
28;1;4;4;25;6,5;0,21125;1,41375
61;2;29;24;142;7,7;3,083388;7,850612
53;2;4;20;35;1,5;0,076125;0,448875
36;5;9;6;108;6,5;3,62232;3,39768
68;2;11;15;84;6,1;1,35786;3,76614
38;1;17;7;41;16,9;3,991104;2,937896
48;3;15;11;133;4,1;1,952174;3,500826
77;2;30;33;80;3,9;0,79872;2,32128
35;1;18;4;63;1,6;0,42336;0,58464
25;4;0;3;68;4,5;1,12914;1,93086
29;1;11;2;39;3,2;0,571584;0,676416
20;2;0;0;24;1,1;0,075504;0,188496
21;3;0;1;17;7,8;0,213486;1,112514
18;2;0;0;19;7;0,28329;1,04671
23;1;6;3;29;12,9;0,594819;3,146181
25;1;5;3;29;2,7;0,158166;0,624834
42;4;14;6;55;9,1;1,49149;3,51351
35;4;0;8;144;3,2;1,516032;3,091968
35;5;2;9;41;10,5;0,49077;3,81423
38;1;11;10;33;10,5;1,58697;1,87803
56;1;30;10;144;8,1;6,403536;5,260464
48;3;13;10;153;2,3;1,770057;1,748943
28;3;6;5;30;20,5;1,2915;4,8585
25;4;1;1;75;11,1;2,64735;5,67765
43;1;6;10;54;2,3;0,722844;0,519156
20;3;0;1;22;10;0,8778;1,3222
34;4;2;5;55;12,7;4,77774;2,20726
25;3;3;3;36;10,2;0,521424;3,150576
34;2;13;6;50;16,6;6,7562;1,5438
23;2;1;1;29;16,7;2,513517;2,329483
27;3;1;3;47;4,3;0,897324;1,123676
24;1;0;1;28;1,5;0,19908;0,22092
20;3;0;1;17;10,5;0,29988;1,48512
56;1;20;20;81;12,1;1,254528;8,546472
37;4;9;7;72;24,7;2,098512;15,685488
48;5;20;15;162;6,2;0,662904;9,381096
28;2;2;2;24;3,7;0,340104;0,547896
37;1;11;11;63;21,6;4,191264;9,416736
34;3;3;4;47;7;1,31929;1,97071
26;3;0;2;43;9,8;0,935508;3,278492
28;5;0;3;33;7,8;0,831402;1,742598
28;3;3;4;75;4,3;0,4773;2,7477
22;4;0;0;27;6;0,60912;1,01088
38;3;9;13;94;21,6;7,00488;13,29912
20;2;0;1;19;5,9;0,071744;1,049256
36;4;11;3;42;2,8;0,673848;0,502152
26;4;1;4;89;2,3;0,927291;1,119709
33;4;7;7;185;8,5;3,884075;11,840925
25;2;2;3;24;6,8;1,005312;0,626688
22;4;0;1;56;2,8;0,40768;1,16032
25;2;2;3;26;10,3;0,859638;1,818362
36;2;4;7;34;16,8;1,159536;4,552464
30;5;2;6;21;10,4;1,155336;1,028664
21;3;0;1;39;18,5;5,20923;2,00577
33;2;8;7;35;7,3;0,6132;1,9418
25;1;9;4;29;11,4;1,167018;2,138982
70;4;30;22;493;9,9;22,93929;25,86771
56;4;22;9;57;2;0,48906;0,65094
33;1;3;5;34;2,9;0,189312;0,796688
27;3;0;4;28;4,7;0,386904;0,929096
18;2;0;0;15;1,1;0,032835;0,132165
30;4;4;6;28;6,8;1,153824;0,750176
43;4;18;14;89;3,6;0,493416;2,710584
27;4;3;4;20;11;0,3058;1,8942
32;3;3;7;79;6,1;1,402329;3,416671
30;2;5;5;39;13,8;0,548964;4,833036
36;2;16;8;50;3,5;0,75425;0,99575
32;1;5;9;35;5,8;0,57855;1,45145
52;3;17;12;125;0,5;0,40125;0,22375
35;3;7;10;29;7,1;1,58543;0,47357
34;3;12;6;46;5,7;0,828552;1,793448
19;2;0;0;20;7;0,1946;1,2054
26;2;1;3;48;11,2;0,16128;5,21472
25;4;0;1;52;4,9;0,670124;1,877876
75;1;32;23;78;4,4;0,689832;2,742168
24;2;5;1;28;19,1;1,52418;3,82382
43;2;3;9;53;9,8;1,50626;3,68774
33;3;8;7;37;3,9;0,555555;0,887445
61;3;20;17;38;3,2;0,350208;0,865792
23;2;1;2;26;12,8;0,54912;2,77888
32;4;6;2;31;14,2;1,360218;3,041782
25;2;2;3;21;14,4;0,985824;2,038176
42;5;2;9;147;17,7;5,047686;20,971314
23;4;0;1;30;12,2;2,25456;1,40544
25;3;1;3;27;12,7;0,03429;3,39471
22;4;0;2;50;1,2;0,2088;0,3912
19;2;0;0;16;6,6;0,003168;1,052832
35;4;4;6;18;4,8;0,31536;0,54864
58;2;9;13;51;4,4;0,63954;1,60446
38;4;12;9;37;13,2;3,238092;1,645908
43;3;16;6;102;2,5;0,58395;1,96605
34;2;14;4;59;6,5;2,297165;1,537835
28;2;7;3;88;10,6;2,210736;7,117264
23;3;0;2;36;24,2;5,8806;2,8314
30;1;6;4;20;8,4;0,9072;0,7728
21;3;0;1;19;20,7;1,305756;2,627244
37;4;0;9;50;1,3;0,2067;0,4433
34;3;7;8;30;14,2;0,92868;3,33132
29;2;4;3;48;10,8;2,960064;2,223936
20;3;0;0;39;15;1,4157;4,4343
61;1;26;13;78;5;0,1989;3,7011
19;2;0;0;22;1,8;0,101772;0,294228
71;1;7;19;26;7,6;0,36556;1,61044
33;4;5;7;321;2,5;4,357575;3,667425
22;4;0;1;59;3,1;0,616373;1,212627
30;3;4;5;28;8,2;0,397208;1,898792
22;4;0;1;32;3,8;0,712576;0,503424
20;1;0;1;20;17,6;0,15488;3,36512
19;2;0;0;19;3,3;0,102828;0,524172
28;1;2;3;24;1;0,11448;0,12552
18;2;0;0;14;5,5;0,45738;0,31262
56;2;9;7;41;12,5;1,79375;3,33125
32;3;6;7;50;9,8;3,087;1,813
29;2;0;5;21;12,4;0,380184;2,223816
46;1;0;9;25;3;0,43125;0,31875
39;1;22;13;48;6,8;1,008576;2,255424
28;4;4;3;30;13,8;0,6831;3,4569
37;1;17;8;76;12,6;4,184712;5,391288
39;4;4;13;47;9,7;1,673153;2,885847
27;2;2;4;30;2,7;0,33777;0,47223
25;2;4;3;21;10;0,9996;1,1004
49;2;14;11;94;6,9;3,787824;2,698176
24;2;5;1;60;11,2;0,22848;6,49152
24;4;0;2;45;5,5;0,58905;1,88595
30;4;6;5;58;8,6;2,384264;2,603736
22;1;1;0;24;19,9;1,160568;3,615432
47;1;17;11;47;18,9;3,766392;5,116608
32;3;5;8;52;5,9;1,346852;1,721148
41;2;17;9;68;9,6;3,055104;3,472896
18;2;0;0;18;10;1,1214;0,6786
37;1;11;5;34;13,6;2,977856;1,646144
35;1;5;5;40;10,5;0,9072;3,2928
36;5;3;9;69;8,3;1,454658;4,272342
44;3;7;10;115;14,4;1,0764;15,4836
19;2;0;0;25;9,3;1,174125;1,150875
24;4;0;2;64;4,4;0,805376;2,010624
18;2;0;0;22;10,5;0,29799;2,01201
20;3;0;0;13;0;0;0
38;4;4;8;61;2,7;0,912438;0,734562
24;1;6;1;21;4,5;0,18144;0,76356
61;2;33;26;126;12,4;8,468208;7,155792
18;2;0;0;22;38,8;3,636336;4,899664
51;5;22;14;75;7,7;2,050125;3,724875
33;3;5;6;38;18,3;1,7385;5,2155
34;3;0;7;49;5;0,17885;2,27115
33;4;6;3;25;13,7;1,1782;2,2468
27;4;1;3;32;15,4;2,153536;2,774464
37;4;3;4;28;18,1;1,003464;4,064536
34;1;12;6;59;9,2;2,002932;3,425068
23;2;2;2;35;5,8;0,46284;1,56716
29;3;5;6;37;4,3;0,531394;1,059606
25;1;1;4;19;2,6;0,134862;0,359138
21;1;4;1;44;6,4;0,9856;1,8304
26;1;6;2;24;11,5;0,90528;1,85472
37;2;4;2;32;3,2;0,140288;0,883712
26;5;0;4;19;4,4;0,052668;0,783332
35;3;11;8;59;1,4;0,129682;0,696318
22;3;0;1;29;19,7;1,679622;4,033378
30;2;4;2;26;9,3;0,268398;2,149602
62;2;24;17;199;4,7;3,404492;5,948508
43;1;17;10;104;14,2;3,573856;11,194144
45;1;12;9;57;1;0,34143;0,22857
21;3;0;1;23;6,8;0,691288;0,872712
27;1;3;3;37;13,9;3,039513;2,103487
73;2;2;16;39;19,4;2,11848;5,44752
35;4;2;6;56;11,1;1,386168;4,829832
38;1;14;8;37;4,4;0,393976;1,234024
26;2;5;2;22;3,3;0,099462;0,626538
29;4;4;6;58;18,2;1,615068;8,940932
42;4;10;10;76;6,1;0,319884;4,316116
37;2;3;8;38;12,3;1,369482;3,304518
62;4;26;12;87;16,2;4,820148;9,273852
23;1;1;2;19;7,2;0,712728;0,655272
64;2;44;18;397;19,2;35,520384;40,703616
45;4;16;5;219;1;0,96141;1,22859
23;3;1;2;22;14,2;1,562;1,562
19;2;0;0;20;8,1;0,35802;1,26198
34;5;8;7;526;2,6;5,4704;8,2056
20;3;0;0;58;2,8;0,457968;1,166032
18;2;0;0;29;7,5;0,859125;1,315875
37;2;2;7;38;2,1;0,07182;0,72618
43;3;21;14;101;9,7;4,761342;5,035658
42;1;8;12;43;1,3;0,153725;0,405275
23;2;2;1;24;1,6;0,046464;0,337536
19;2;0;0;22;6,8;0,414392;1,081608
26;1;1;3;15;6,7;0,201;0,804
40;3;4;14;54;4,6;1,189836;1,294164
43;2;10;9;92;14,7;3,85434;9,66966
28;4;3;5;35;5,2;0,78442;1,03558
24;2;0;2;36;8,5;1,4688;1,5912
22;2;1;1;14;11,7;0,36855;1,26945
27;2;1;4;25;0,6;0,03195;0,11805
33;3;11;4;61;14,9;4,244563;4,844437
64;1;40;18;198;6,9;8,101566;5,560434
63;4;22;27;129;4,9;0,796446;5,524554
31;5;5;3;61;2;0,36844;0,85156
21;3;0;1;26;6,9;0,181194;1,612806
20;3;0;0;24;9,4;0,59784;1,65816
20;3;0;0;18;5,3;0,30051;0,65349
21;2;2;1;33;6,4;0,8448;1,2672
23;2;1;0;30;21,5;1,63185;4,81815
46;3;13;10;32;11;1,18624;2,33376
29;4;1;4;50;12,1;0,4719;5,5781
59;2;32;19;533;0,8;1,863368;2,400632
21;1;1;1;23;16,5;1,172655;2,622345
54;3;6;9;70;9,5;2,28095;4,36905
18;2;0;0;37;2,5;0,56795;0,35705
41;2;9;8;77;7,5;3,10695;2,66805
19;2;0;0;36;5,8;0,783;1,305
41;1;15;9;54;6,9;1,542564;2,183436
30;4;6;5;51;6,2;1,071918;2,090082
23;3;0;1;27;14,6;1,16289;2,77911
37;3;0;9;35;10,8;1,27008;2,50992
33;3;6;6;77;6,2;0,654038;4,119962
34;5;5;10;186;11,3;7,46139;13,55661
25;4;0;3;30;4,9;0,20433;1,26567
21;1;4;1;19;6,5;0,29393;0,94107
62;2;33;6;322;2,8;7,041496;1,974504
52;2;6;9;55;2,9;0,93148;0,66352
53;5;7;16;80;12;3,648;5,952
36;5;7;9;124;1,4;0,38192;1,35408
34;4;8;4;49;7,5;0,488775;3,186225
29;3;6;3;28;4,9;0,56938;0,80262
20;2;0;0;46;12,1;0,951786;4,614214
20;3;0;0;13;17,8;0,814528;1,499472
18;2;0;0;26;7,3;0,641524;1,256476
20;3;0;0;21;9,3;0,353493;1,599507
19;2;0;0;34;19,3;2,204832;4,357168
30;2;1;3;39;1;0,14352;0,24648
34;2;10;6;59;18,6;3,555576;7,418424
41;1;15;12;55;12,2;4,12665;2,58335
20;1;3;0;24;16,3;1,306608;2,605392
30;3;8;2;28;15,8;1,52628;2,89772
25;5;0;1;130;5,8;1,23656;6,30344
18;2;0;0;23;10;1,1201;1,1799
27;3;0;3;63;1;0,315;0,315
31;2;3;6;24;12,9;0,736848;2,359152
34;3;8;4;83;11;1,85339;7,27661
37;2;10;8;43;3,6;0,806508;0,741492
25;5;0;3;16;3,2;0,288256;0,223744
34;1;10;8;41;14,5;1,194945;4,750055
27;1;2;2;24;5,8;0,555408;0,836592