age;ed;employ;address;income;debtinc;creddebt;othdebt;default
28;2;7;2;44;17,7;2,990592;4,797408;0
64;5;34;17;116;14,7;5,047392;12,004608;0
40;1;20;12;61;4,8;1,042368;1,885632;0
30;1;11;3;27;34,5;1,75122;7,56378;0
25;1;2;2;30;22,4;,75936;5,96064;1
35;1;2;9;38;10,9;1,462126;2,679874;1
26;3;2;4;38;11,9;,954142;3,567858;1
25;1;4;2;30;14,4;1,04544;3,27456;0
65;4;29;14;189;5;3,3642;6,0858;0
21;3;0;0;23;3,9;,305877;,591123;0
62;1;33;13;96;17,5;6,6864;10,1136;0
30;4;4;3;39;10,6;2,389452;1,744548;1
38;5;7;7;124;19,1;9,520968;14,163032;0
18;2;0;0;35;3,9;,17472;1,19028;0
53;1;9;13;41;13,3;2,333884;3,119116;0
18;2;0;0;15;7,4;,82806;,28194;1
18;2;0;0;56;15,7;1,837528;6,954472;1
19;1;2;0;31;,3;,024552;,068448;1
19;2;0;0;26;5,8;,586612;,921388;1
56;2;27;21;125;8,5;2,900625;7,724375;0
21;2;1;1;40;7,6;1,52;1,52;1
25;1;8;3;37;8,3;,948939;2,122061;0
47;3;8;10;43;6,1;,359351;2,263649;0
40;4;17;11;103;13,3;10,41124;3,28776;1
41;2;16;11;56;3,4;,896784;1,007216;0
23;4;0;2;118;6,4;,294528;7,257472;0
45;5;1;4;58;15,4;2,36698;6,56502;1
37;3;15;10;65;5;1,30325;1,94675;0
47;2;23;14;46;11,7;,839592;4,542408;0
23;4;0;2;42;6,7;1,584282;1,229718;0
18;2;0;0;19;5,2;,31616;,67184;1
19;2;0;0;21;2;,27636;,14364;1
41;1;3;12;23;10,6;,14628;2,29172;1
42;2;3;12;76;5,2;,723216;3,228784;1
29;4;2;3;45;3;,6696;,6804;0
24;4;0;2;41;8,4;,788676;2,655324;0
45;5;9;11;48;10,2;3,52512;1,37088;0
39;4;8;9;259;7,2;1,547784;17,100216;0
40;2;15;6;46;10,6;,819168;4,056832;0
21;3;0;0;17;17,6;1,373328;1,618672;1
55;3;34;16;150;9,9;,72765;14,12235;0
29;2;6;4;35;3,3;,19866;,95634;1
22;3;0;0;24;5,2;,2808;,9672;1
58;4;24;18;70;6,8;2,29908;2,46092;0
53;2;14;19;67;6,1;1,06262;3,02438;0
31;3;5;7;25;6,8;,4301;1,2699;0
26;1;4;2;23;6,9;,165048;1,421952;0
23;4;0;0;28;19,2;1,72032;3,65568;1
25;2;1;3;19;28,6;2,33662;3,09738;1
52;3;23;10;153;4,5;2,12058;4,76442;0
25;3;0;1;35;9,7;,132405;3,262595;1
22;4;0;1;31;22,8;1,314648;5,753352;1
38;3;8;8;35;26,4;3,77916;5,46084;0
42;2;16;11;49;9,7;,556101;4,196899;0
52;1;5;18;36;9,8;1,400616;2,127384;0
30;1;2;3;18;3;,07236;,46764;1
59;4;20;16;144;3,4;2,492064;2,403936;0
34;3;5;5;44;5,6;,744128;1,719872;0
33;1;11;6;52;9,1;,9464;3,7856;1
26;3;2;3;21;8,2;,54243;1,17957;0
25;3;2;1;26;11,9;1,2376;1,8564;1
19;2;0;0;43;21,2;3,427616;5,688384;1
41;5;7;12;47;5,2;1,635036;,808964;0
36;2;2;9;27;9,3;,735723;1,775277;1
20;2;0;0;21;10,2;,552636;1,589364;0
35;2;6;5;26;2,5;,44655;,20345;0
33;4;3;4;34;1,2;,226848;,181152;0
38;4;0;12;37;2;,09546;,64454;0
40;2;6;6;36;6,6;1,577664;,798336;1
39;2;7;6;82;17,4;3,70968;10,55832;0
18;2;0;0;12;8,2;,150552;,833448;1
66;1;40;17;149;13,1;7,788081;11,730919;0
43;2;6;6;40;6,6;,5016;2,1384;0
39;4;14;8;46;6,5;,49933;2,49067;0
27;3;5;4;27;10,5;,99225;1,84275;0
47;3;17;13;111;8,8;5,733816;4,034184;0
25;1;9;3;25;23,5;,34075;5,53425;1
57;3;7;14;43;20,8;2,495376;6,448624;1
69;1;6;24;60;18,6;1,27224;9,88776;0
20;3;0;0;22;4,2;,536844;,387156;1
42;1;15;7;60;6,1;2,013;1,647;0
33;2;12;5;70;5,7;,82593;3,16407;0
41;2;10;7;29;4,2;,473802;,744198;0
35;3;0;7;36;4,7;,546516;1,145484;0
46;3;20;16;122;6,7;2,893596;5,280404;0
24;4;0;1;27;4,2;,44226;,69174;0
34;3;7;8;43;30,3;3,921729;9,107271;1
36;2;7;4;41;18,9;3,17709;4,57191;0
19;1;0;0;18;15,1;,793656;1,924344;1
29;5;1;4;51;1,3;,281775;,381225;0
44;2;7;9;59;8,4;1,769292;3,186708;0
19;2;0;0;28;11,7;,822276;2,453724;0
39;1;2;9;29;3,7;,476412;,596588;0
30;4;5;5;222;2,9;1,970028;4,467972;0
72;2;44;13;187;9,2;4,713896;12,490104;0
18;2;0;0;30;7;,8085;1,2915;1
28;3;7;5;30;8,5;,459;2,091;0
24;1;5;2;27;10;1,2933;1,4067;0
33;2;8;4;45;12,1;,1089;5,3361;0
34;4;11;4;132;4,7;1,513776;4,690224;0
46;4;7;16;41;2,5;,351575;,673425;0
36;2;16;4;96;12,2;5,422656;6,289344;0
45;1;13;7;65;28,6;10,72643;7,86357;1
59;1;34;26;154;8,5;8,32524;4,76476;0
35;2;9;1;80;12,9;4,2828;6,0372;1
62;4;31;22;387;15;5,39865;52,65135;0
29;4;1;4;38;4,5;,82422;,88578;1
56;3;30;14;167;1,4;,458248;1,879752;0
24;2;4;1;39;21,5;3,966105;4,418895;1
32;3;1;6;45;13,9;1,51371;4,74129;1
25;2;6;2;29;5,9;,636492;1,074508;0
37;1;9;6;33;1,2;,112068;,283932;0
27;3;1;2;28;23,5;,81592;5,76408;0
56;2;37;10;160;11,4;6,76704;11,47296;0
31;2;11;6;61;34,4;9,484768;11,499232;1
59;1;31;15;86;6,8;1,614048;4,233952;0
65;3;26;16;186;4,2;2,984184;4,827816;0
26;1;0;3;29;16,9;3,092531;1,808469;1
27;3;3;4;68;24,9;5,231988;11,700012;1
30;1;6;3;22;15,5;,13299;3,27701;1
43;1;22;13;96;1,2;,340992;,811008;0
30;4;4;5;64;14,1;2,833536;6,190464;0
18;2;0;0;19;14;,56392;2,09608;1
24;3;1;1;33;14;,06468;4,55532;0
31;4;0;6;28;4,5;,06552;1,19448;0
25;1;4;3;31;3,1;,373829;,587171;0
24;4;0;2;48;1,2;,061632;,514368;1
26;3;2;3;37;3,1;,348688;,798312;0
33;2;13;5;54;16,2;2,878092;5,869908;1
44;4;18;9;136;4,2;1,416576;4,295424;0
18;2;0;0;16;6;,4032;,5568;0
29;3;1;2;34;15,5;,38998;4,88002;1
21;3;0;1;27;16,5;1,1583;3,2967;0
41;2;22;13;54;4,1;,81918;1,39482;0
40;4;11;8;238;7,9;6,336274;12,465726;0
37;1;5;10;21;14,5;,71253;2,33247;0
24;1;6;3;36;13,2;1,919808;2,832192;0
24;4;0;4;18;2,9;,184266;,337734;0
18;2;0;0;25;2,9;,561875;,163125;0
30;4;5;6;95;7;3,458;3,192;0
36;1;4;8;45;13,2;,33264;5,60736;0
34;1;14;9;39;11,4;2,71206;1,73394;0
63;3;8;25;92;5,6;,886144;4,265856;0
56;5;16;19;232;2,8;2,104704;4,391296;0
41;2;9;8;68;28,3;4,52234;14,72166;1
23;4;0;1;53;3;,62646;,96354;1
25;5;0;3;32;14,6;1,452992;3,219008;1
22;1;1;1;22;3,2;,1584;,5456;0
58;2;19;9;114;6,4;,277248;7,018752;0
31;3;7;5;53;2,7;,72981;,70119;0
47;2;6;10;40;8,7;1,30848;2,17152;1
55;2;13;11;63;17,5;2,5578;8,4672;0
39;2;9;5;60;9,2;2,07552;3,44448;0
27;5;0;4;30;4,3;,41925;,87075;0
30;3;7;4;60;21,6;5,5728;7,3872;1
35;2;6;5;32;7,6;,819584;1,612416;0
30;4;4;7;30;9,2;,88872;1,87128;0
19;2;0;0;23;8,8;1,107128;,916872;0
38;4;14;4;98;16,5;1,34211;14,82789;0
20;2;1;0;19;8;,78432;,73568;0
43;2;14;8;61;10,8;2,17404;4,41396;0
25;2;2;3;25;9,9;1,3959;1,0791;0
41;1;11;5;36;10,2;1,365984;2,306016;1
37;3;3;4;36;6,7;,680184;1,731816;0
22;1;0;2;17;3,7;,135235;,493765;1
23;2;0;3;27;17,6;2,128896;2,623104;1
45;4;1;8;60;9,9;1,14048;4,79952;1
19;1;1;0;20;8,8;,54736;1,21264;0
26;2;6;3;23;13,6;,128248;2,999752;0
25;4;0;2;21;22,3;1,676514;3,006486;1
49;4;1;8;51;11,2;1,862112;3,849888;0
76;1;15;20;26;5,6;,136864;1,319136;0
28;3;1;3;16;5,2;,501696;,330304;0
37;1;18;8;36;4,8;,44064;1,28736;0
41;1;9;8;29;5,6;,248472;1,375528;0
30;2;8;4;68;2,4;,267648;1,364352;0
39;3;4;9;78;14;7,2072;3,7128;1
25;3;2;2;19;3,4;,187986;,458014;0
26;5;0;4;19;7,7;,67298;,79002;0
24;1;8;2;28;6,6;,262416;1,585584;0
61;1;0;10;42;18,4;4,010832;3,717168;0
26;2;6;2;38;10,6;2,569864;1,458136;0
18;2;0;0;44;9,2;1,250832;2,797168;0
41;2;21;8;189;6,3;6,215454;5,691546;0
49;3;9;16;64;6,1;,33184;3,57216;0
18;1;0;0;20;3,9;,3705;,4095;0
18;2;0;0;24;6,5;,30108;1,25892;0
52;4;2;12;96;7,1;2,276544;4,539456;1
32;2;2;6;30;9,4;1,1844;1,6356;0
27;2;6;5;42;9,1;2,186184;1,635816;1
23;3;0;2;57;17,8;2,729274;7,416726;1
29;4;3;3;46;8,1;,290628;3,435372;0
73;2;53;25;410;4,1;3,10985;13,70015;0
31;4;3;5;22;4,6;,226688;,785312;0
19;2;0;0;28;9,1;,86632;1,68168;1
57;2;4;9;39;4,3;,558441;1,118559;0
18;2;0;0;19;1,5;,061845;,223155;0
22;1;1;1;19;8,9;,488699;1,202301;0
21;2;0;1;30;4,3;,17544;1,11456;0
33;3;4;4;60;9,5;1,6074;4,0926;0
21;3;0;1;41;23,4;1,96677;7,62723;1
42;3;18;15;63;11,3;2,541483;4,577517;0
32;3;10;5;38;11,5;1,0488;3,3212;0
33;4;5;4;105;13,4;7,04907;7,02093;1
73;1;50;34;289;8,4;7,841148;16,434852;0
61;4;23;20;81;8,9;1,701324;5,507676;0
38;5;2;8;229;6,7;3,943151;11,399849;0
46;3;13;11;45;22,2;3,32667;6,66333;1
20;3;0;0;20;7,2;,34272;1,09728;1
19;2;0;0;24;15,6;,7488;2,9952;1
28;4;0;4;47;18,6;6,705114;2,036886;1
24;4;0;2;21;6,6;,57519;,81081;1
53;1;1;12;30;8,8;,4092;2,2308;0
35;2;14;7;62;8,2;,604996;4,479004;0
43;2;7;11;53;3,7;,853035;1,107965;0
32;1;9;6;33;8,1;1,154736;1,518264;0
27;1;9;1;28;5,7;,110124;1,485876;0
18;2;0;0;22;1,5;,13332;,19668;0
19;2;0;0;31;28,7;5,364891;3,532109;1
18;2;0;0;36;6,2;1,051272;1,180728;1
54;2;20;15;82;20;4,346;12,054;0
43;3;0;4;31;2,4;,284952;,459048;0
50;2;15;14;65;12,6;3,04668;5,14332;0
26;1;10;3;31;8,8;,780208;1,947792;0
35;2;4;2;57;6;1,28934;2,13066;0
47;2;6;12;34;4,4;,526592;,969408;0
31;5;2;5;19;15,9;,93651;2,08449;0
40;3;7;11;53;12,4;1,4787;5,0933;0
56;4;14;25;206;27,9;15,288084;42,185916;1
34;4;3;8;72;7,6;,38304;5,08896;0
18;2;0;0;18;12,7;,646938;1,639062;1
46;2;24;10;78;6,9;2,74482;2,63718;0
31;2;2;6;45;3,1;,431055;,963945;0
25;2;1;1;16;2,1;,145488;,190512;0
79;1;63;18;497;8,2;15,07898;25,67502;0
43;3;21;14;125;11,5;6,325;8,05;0
26;1;9;3;41;22,1;,616148;8,444852;0
26;3;1;4;36;12,5;1,593;2,907;0
18;1;0;0;28;17;1,75168;3,00832;1
30;2;0;4;25;7,4;,2627;1,5873;0
47;3;3;8;69;5,2;,897;2,691;0
18;2;0;0;35;12,4;1,1284;3,2116;0
30;1;13;3;38;4,6;,335616;1,412384;0
21;3;0;1;25;6,7;1,291425;,383575;1
33;4;4;9;119;15,3;6,572727;11,634273;1
36;2;3;6;28;4,9;,256564;1,115436;0
26;2;7;3;49;17,7;5,37726;3,29574;1
20;3;0;0;21;1,3;,180999;,092001;1
56;2;19;8;76;1,2;,1824;,7296;0
42;4;7;12;130;11,6;3,33268;11,74732;1
23;4;0;3;47;8,9;,623267;3,559733;0
32;3;3;8;86;7,9;2,201256;4,592744;0
20;3;0;0;30;10,6;2,53446;,64554;1
19;2;0;0;21;12;,34524;2,17476;0
26;2;1;0;26;11,1;1,694082;1,191918;1
19;2;0;0;20;,1;,00894;,01106;1
59;3;31;21;102;,3;,104958;,201042;0
21;3;0;1;13;8,3;,45318;,62582;1
39;4;14;6;152;27,4;13,410656;28,237344;1
18;2;0;0;12;3,3;,110088;,285912;1
20;2;0;0;38;7,5;,3648;2,4852;0
33;4;1;6;23;4,2;,194166;,771834;1
19;1;1;0;16;3,4;,306816;,237184;1
29;3;5;5;52;16,8;5,63472;3,10128;0
70;3;48;25;165;14,8;,56166;23,85834;0
44;1;22;8;93;9;4,37751;3,99249;0
40;2;20;10;117;11,9;4,942665;8,980335;0
21;2;1;1;23;7,4;,258704;1,443296;1
43;2;8;11;48;9,7;1,317648;3,338352;0
27;2;3;4;28;4,2;,537432;,638568;0
21;3;0;1;21;10,4;1,537536;,646464;0
29;2;3;5;45;14,1;1,681425;4,663575;1
41;2;2;10;40;7,9;,30968;2,85032;0
28;4;5;3;30;7;,462;1,638;0
48;2;5;10;43;6,9;2,263821;,703179;1
25;5;0;3;66;2,8;,903672;,944328;0
41;2;3;7;62;7;2,8861;1,4539;1
22;2;1;2;24;16,1;,795984;3,068016;0
47;3;8;11;43;11,8;2,273152;2,800848;0
18;2;0;0;24;5,3;,594024;,677976;0
28;5;0;4;50;8,6;,2795;4,0205;0
41;2;5;8;37;5,8;,345506;1,800494;0
31;2;2;7;42;10,3;,856548;3,469452;1
19;2;0;0;21;14,3;1,219218;1,783782;0
31;3;1;7;28;2;,17416;,38584;0
18;2;0;0;21;21,8;1,44207;3,13593;1
39;2;5;5;39;4,2;,719082;,918918;0
20;2;0;0;17;7,3;,572101;,668899;1
31;4;8;4;29;6,8;1,118124;,853876;0
23;1;3;1;41;5,5;,674245;1,580755;0
25;3;3;3;58;20,6;3,500764;8,447236;0
29;4;3;1;47;2,9;,53157;,83143;0
38;3;15;4;136;20,2;6,758112;20,713888;1
39;1;8;9;41;,1;,026896;,014104;0
28;4;4;4;20;15,5;,3038;2,7962;1
40;3;10;12;38;6,1;,917928;1,400072;0
46;3;2;13;56;2,3;,413448;,874552;0
61;1;45;22;209;10,9;4,123361;18,657639;0
49;4;18;13;182;4,8;,943488;7,792512;0
71;2;35;19;131;11,6;6,032812;9,163188;0
20;1;2;0;20;2,7;,20088;,33912;1
20;3;0;0;20;11,3;1,96168;,29832;1
18;2;0;0;29;5,6;,898072;,725928;0
32;5;3;6;59;9;1,85319;3,45681;0
42;3;2;13;22;13,6;1,463088;1,528912;1
43;3;9;9;57;4,5;1,808325;,756675;0
27;1;7;5;43;10;1,1997;3,1003;0
23;2;3;2;66;2,7;,79299;,98901;0
21;2;1;0;33;13,1;1,314192;3,008808;1
49;3;24;11;90;13,9;8,05644;4,45356;0
49;2;28;11;93;12,8;1,559424;10,344576;0
19;2;0;0;28;9,7;1,347136;1,368864;1
24;4;0;2;21;11;,71841;1,59159;1
23;4;0;1;30;12,8;2,29632;1,54368;1
43;3;13;9;82;9,9;1,777842;6,340158;0
28;2;8;3;22;5,4;,165132;1,022868;0
26;4;2;3;36;14,4;1,89216;3,29184;1
40;4;7;11;33;12,4;,646536;3,445464;0
47;1;22;17;108;8,9;1,374516;8,237484;0
19;2;0;0;22;16,8;1,637328;2,058672;1
71;1;18;27;57;11,5;2,58267;3,97233;0
72;4;26;24;146;12,6;2,11554;16,28046;0
45;2;1;10;43;2,8;,384076;,819924;0
20;3;0;0;29;17;1,93256;2,99744;1
42;2;7;8;47;7,8;1,019148;2,646852;0
33;4;1;3;40;13,3;,87248;4,44752;0
42;2;19;8;63;20,4;5,307876;7,544124;0
20;3;0;0;28;10,4;,93184;1,98016;1
20;3;0;1;19;4,5;,34542;,50958;0
20;3;0;0;20;13,5;,5913;2,1087;0
34;3;11;5;68;11,9;3,366272;4,725728;0
39;1;12;11;47;9,5;1,031415;3,433585;0
42;1;2;10;38;3,6;,387144;,980856;1
61;1;7;22;35;10,4;,69524;2,94476;0
30;4;2;6;61;2,9;,640378;1,128622;1
39;4;12;9;82;6,2;1,789568;3,294432;0
26;3;5;2;25;10,8;1,1286;1,5714;0
62;3;12;10;108;7,3;1,3797;6,5043;0
48;2;17;8;81;30;11,6397;12,6603;1
39;3;17;9;165;3,3;2,553705;2,891295;0
51;1;33;13;234;9,6;4,245696;18,218304;0
31;3;4;6;43;6,9;,658674;2,308326;0
45;3;19;7;286;5;4,5331;9,7669;0
44;4;0;9;167;10,6;7,78888;9,91312;1
28;2;9;3;36;3,2;,089856;1,062144;0
36;3;8;4;41;11,1;1,570095;2,980905;1
38;5;4;5;66;10,7;2,40108;4,66092;1
61;2;22;6;108;22,2;6,041952;17,934048;0
66;3;6;20;61;7,7;1,202432;3,494568;1
24;2;5;3;31;10,4;,699608;2,524392;0
45;1;12;10;44;9,8;1,59544;2,71656;0
47;5;8;13;33;15,4;1,712634;3,369366;0
19;2;0;0;25;3,9;,68055;,29445;1
28;2;2;5;26;23,6;,73632;5,39968;1
40;4;3;10;35;10;1,085;2,415;1
25;4;1;1;27;14,2;,456246;3,377754;0
64;1;26;26;56;20,3;2,012136;9,355864;0
40;3;15;4;78;15,5;3,51819;8,57181;0
37;5;1;10;90;1,8;,25434;1,36566;0
56;2;35;14;236;3,9;6,682104;2,521896;0
33;3;8;4;102;28,8;7,93152;21,44448;1
66;3;30;22;104;6,7;2,285504;4,682496;0
18;2;0;0;28;9,9;1,047816;1,724184;0
52;3;28;23;108;3,9;2,2113;2,0007;0
46;1;2;10;38;8,2;,495444;2,620556;1
51;2;3;14;19;4,9;,340746;,590254;0
34;2;6;4;45;9,1;1,3104;2,7846;0
19;2;0;0;18;6,3;,259686;,874314;0
52;1;33;12;80;9;1,0584;6,1416;0
24;1;2;2;29;23,6;,465392;6,378608;0
35;4;5;4;47;16,1;3,17814;4,38886;1
29;4;1;4;50;15,1;2,6727;4,8773;1
47;2;10;10;48;7;1,97568;1,38432;0
26;3;4;4;50;,8;,1324;,2676;0
27;4;2;3;34;11,4;2,158932;1,717068;0
19;2;0;0;36;6,7;,890028;1,521972;0
51;2;28;20;134;4,1;1,752586;3,741414;0
46;1;13;12;94;15,7;8,308754;6,449246;1
23;3;1;1;30;13,6;2,04;2,04;1
19;2;0;0;20;5,6;,15568;,96432;1
23;2;3;1;27;17,8;,927558;3,878442;1
30;4;1;6;16;8,5;1,07848;,28152;1
21;3;0;0;35;6,8;,90916;1,47084;1
20;3;0;0;35;5,8;,76125;1,26875;0
23;4;0;2;36;1,1;,10494;,29106;0
46;3;2;14;27;12,1;,545589;2,721411;0
43;2;20;8;180;7,3;4,2048;8,9352;0
27;2;5;3;28;5,2;,496496;,959504;0
45;1;3;13;38;22,1;2,594982;5,803018;1
22;3;1;2;27;9,8;,246078;2,399922;0
41;2;13;7;50;14,2;3,7204;3,3796;1
52;1;8;6;43;17,5;3,438925;4,086075;0
53;2;34;18;251;15,9;12,37179;27,53721;0
20;3;0;0;45;7,7;1,14345;2,32155;1
30;5;2;8;99;1,5;,79596;,68904;0
68;2;0;17;22;12,5;1,0505;1,6995;0
31;4;0;7;41;3,8;1,11397;,44403;0
54;2;2;21;32;6,7;,173664;1,970336;0
26;3;2;3;38;7,6;1,394904;1,493096;1
32;2;12;6;61;8,2;,295118;4,706882;0
27;2;4;2;34;15,1;,836842;4,297158;0
60;3;22;10;60;22,3;3,25134;10,12866;0
47;2;13;19;58;3,5;,61915;1,41085;0
47;2;6;11;75;15,2;2,9298;8,4702;0
69;4;7;20;75;13,5;1,03275;9,09225;1
45;2;7;8;32;5,4;,1296;1,5984;0
29;3;2;5;31;6,8;1,41236;,69564;0
29;3;4;5;67;7,9;,931568;4,361432;0
27;1;5;2;33;5,1;,578952;1,104048;0
44;1;9;3;37;18,4;2,920632;3,887368;0
21;3;0;1;55;17,1;6,90327;2,50173;1
26;3;4;4;28;15;2,3814;1,8186;0
56;3;26;13;384;11,2;23,310336;19,697664;1
38;4;4;8;91;3,9;1,015014;2,533986;1
42;4;17;8;54;10,3;,294786;5,267214;0
43;3;13;11;59;11;1,71985;4,77015;1
37;2;17;6;123;10,6;3,885324;9,152676;0
64;3;15;22;227;29,9;35,97269;31,90031;1
39;2;0;10;38;7,5;,1995;2,6505;0
21;2;1;0;20;20,3;,41412;3,64588;0
30;4;5;3;62;2,6;,70122;,91078;0
52;2;9;12;72;15,4;4,080384;7,007616;0
40;4;5;9;62;8;1,49296;3,46704;1
23;2;3;2;25;2,5;,174375;,450625;0
40;2;2;7;32;3,4;,175168;,912832;0
19;2;0;0;37;3;,21312;,89688;0
22;4;0;0;36;3,3;,277992;,910008;0
50;1;20;11;67;18,4;7,236536;5,091464;1
36;5;7;12;67;8,2;3,098616;2,395384;0
47;3;14;16;36;,9;,083916;,240084;0
19;2;0;0;50;1,8;,4851;,4149;0
32;3;10;7;70;3,2;,85344;1,38656;1
20;3;0;0;32;8,5;1,11248;1,60752;0
20;2;0;0;26;4;,39104;,64896;1
22;4;0;2;31;7,6;,197904;2,158096;0
23;4;0;2;45;10,7;,611505;4,203495;1
62;2;4;5;38;11,3;,94468;3,34932;0
29;2;9;3;69;6,7;1,072536;3,550464;0
34;1;6;6;33;6,4;,525888;1,586112;0
18;2;0;0;25;6,2;,61845;,93155;1
23;3;2;2;47;14,6;2,936936;3,925064;1
35;1;5;8;62;8,5;1,98679;3,28321;1
30;3;5;3;27;6,2;,860436;,813564;0
36;3;7;10;118;11,2;8,484672;4,731328;1
18;2;0;0;28;2,4;,22176;,45024;1
26;2;2;4;30;40,7;5,4945;6,7155;1
18;2;0;0;33;8,2;,836154;1,869846;1
31;2;11;8;47;26,9;3,514754;9,128246;0
33;3;3;2;46;3,8;,407284;1,340716;0
20;1;2;0;20;18,8;1,19192;2,56808;1
22;4;0;1;36;10,7;1,667916;2,184084;1
22;2;3;1;45;11,1;1,84815;3,14685;0
22;1;4;1;24;4,4;,531168;,524832;0
26;4;0;2;103;14,3;8,54282;6,18618;1
34;1;10;7;96;5,4;1,653696;3,530304;0
30;1;13;2;42;15,3;,944622;5,481378;0
40;3;15;5;53;23,5;1,905615;10,549385;1
21;2;1;0;43;14,1;3,377091;2,685909;1
20;2;0;0;28;18;3,06936;1,97064;1
18;2;0;0;20;14,5;,3335;2,5665;0
53;2;24;8;129;2,7;1,006587;2,476413;0
70;2;27;21;92;9,3;3,011712;5,544288;0
26;5;0;3;49;4,4;,94864;1,20736;0
43;2;16;7;119;18,1;8,163281;13,375719;1
38;3;3;3;34;3,9;,863226;,462774;0
31;2;3;6;45;,7;,12663;,18837;0
24;4;0;1;35;1,2;,04242;,37758;1
44;4;21;14;314;4,7;3,497646;11,260354;0
62;5;31;14;699;5,9;6,59856;34,64244;0
52;3;24;10;403;5,1;8,323965;12,229035;0
33;4;3;2;40;1,2;,25536;,22464;0
26;4;1;3;39;2;,32604;,45396;0
34;2;4;8;46;5,5;,70334;1,82666;0
54;4;0;14;66;9,6;1,983168;4,352832;0
61;1;0;24;25;33;3,42375;4,82625;1
44;5;2;13;91;4,8;1,022112;3,345888;1
22;2;0;2;16;9,8;,312032;1,255968;1
19;1;3;0;21;7,1;,484575;1,006425;0
20;2;0;0;26;8,9;,504452;1,809548;0
35;4;10;7;44;,5;,10846;,11154;0
24;4;0;2;28;4;,70448;,41552;0
30;5;1;6;33;7,4;,632478;1,809522;0
21;1;1;1;29;24;2,19936;4,76064;0
45;4;0;14;81;4,1;1,507734;1,813266;0
38;5;9;11;66;1,2;,589248;,202752;0
21;2;1;1;37;8,5;,896325;2,248675;0
45;4;7;13;42;36,8;10,185504;5,270496;1
40;1;22;8;141;11;5,05626;10,45374;0
22;4;0;1;74;7,5;1,85925;3,69075;1
56;2;34;21;475;2,3;3,878375;7,046625;0
37;2;9;11;41;2,9;,110577;1,078423;0
29;2;3;2;42;9,3;1,765512;2,140488;0
37;4;10;6;97;8,3;2,01275;6,03825;0
20;1;3;0;21;17,9;,52626;3,23274;1
30;3;6;4;20;9,7;,51216;1,42784;1
26;4;0;3;36;17,9;3,015792;3,428208;1
18;2;0;0;47;3,6;1,213164;,478836;0
31;1;5;7;27;4,2;,559062;,574938;0
44;3;8;8;49;16,3;2,459996;5,527004;1
19;2;0;0;24;12,5;,936;2,064;1
77;5;2;24;28;10,6;1,371216;1,596784;0
37;4;0;9;83;14,9;5,899059;6,467941;1
35;4;9;6;123;6,1;1,703181;5,799819;0
24;4;0;0;64;13;3,97696;4,34304;1
31;4;1;4;43;7,9;2,493398;,903602;0
59;4;19;21;174;27,9;16,408548;32,137452;1
18;2;0;0;27;4,1;,169371;,937629;1
29;2;8;5;35;21,1;1,65424;5,73076;1
38;4;6;7;25;31,3;2,214475;5,610525;1
27;3;3;5;26;2;,0416;,4784;1
49;2;15;11;35;3;,735;,315;0
24;3;1;2;23;14,8;,796536;2,607464;1
27;4;3;5;36;16,2;1,388016;4,443984;1
26;2;2;4;26;14,5;,55796;3,21204;0
32;4;0;6;37;3,1;,592999;,554001;1
53;5;16;13;51;4,1;,949314;1,141686;0
19;2;0;0;17;14,1;1,035504;1,361496;1
18;2;0;0;19;6,4;,3952;,8208;1
19;2;1;0;21;7,9;1,104894;,554106;1
51;2;25;16;96;21,5;7,30656;13,33344;0
30;5;3;2;40;16,9;2,21728;4,54272;1
63;1;22;21;61;13,5;1,82817;6,40683;0
30;4;1;4;73;29,8;7,048296;14,705704;1
27;4;3;3;43;4,5;,57663;1,35837;0
42;2;15;9;46;13,1;1,060576;4,965424;0
24;4;0;3;44;13,5;2,38194;3,55806;1
20;2;0;0;23;23,6;3,539056;1,888944;1
28;3;4;5;20;6,2;,57288;,66712;0
25;2;3;2;23;5;,27945;,87055;0
24;4;0;3;49;5;,8722;1,5778;1
36;3;9;7;76;5,7;,294576;4,037424;0
44;2;11;12;50;22;2,112;8,888;0
23;3;0;1;45;15,8;1,12338;5,98662;0
32;3;1;4;26;3,3;,236808;,621192;0
32;2;9;7;53;14,9;5,812192;2,084808;1
35;4;7;6;76;7;,5586;4,7614;0
30;3;3;6;34;14,3;2,255968;2,606032;1
30;1;4;3;36;9,6;,82944;2,62656;1
31;2;6;5;26;6,5;,32617;1,36383;0
23;1;0;2;16;17,2;,90816;1,84384;1
46;1;11;8;61;10,4;3,444792;2,899208;0
59;1;33;17;308;6,7;7,387688;13,248312;0
39;5;1;10;185;7;10,45065;2,49935;1
29;5;3;3;55;27,1;8,3468;6,5582;1
26;4;2;4;19;3,8;,106134;,615866;0
34;2;6;7;27;6,4;,269568;1,458432;0
30;1;12;5;35;5,7;1,33665;,65835;0
23;4;0;2;29;9,4;,839608;1,886392;1
22;4;0;1;76;7,7;3,616536;2,235464;0
27;4;0;4;46;1,9;,232484;,641516;1
30;3;0;5;70;6,9;,37191;4,45809;1
23;2;0;1;22;9;,7128;1,2672;0
42;5;12;13;34;6,1;,557906;1,516094;0
29;4;2;3;55;15,6;1,48434;7,09566;1
47;2;16;8;66;1,7;,097614;1,024386;0
34;4;8;7;30;5,7;1,08243;,62757;0
31;2;11;7;51;12,4;4,135896;2,188104;1
35;4;10;4;53;19;3,63527;6,43473;0
19;1;2;0;21;12;,15372;2,36628;0
30;1;7;7;40;11,4;1,7784;2,7816;1
25;4;0;2;35;,6;,07119;,13881;0
38;5;11;8;40;8,8;1,6544;1,8656;0
18;2;0;0;34;2,8;,292264;,659736;0
53;2;10;14;62;13,4;2,376088;5,931912;1
31;1;10;5;60;27,3;6,27354;10,10646;1
38;4;7;7;274;2,3;4,31687;1,98513;1
19;2;0;0;21;2,5;,03255;,49245;0
20;1;2;0;18;2,3;,05589;,35811;0
21;2;2;1;22;9,2;1,048432;,975568;1
19;2;0;0;17;5,5;,50864;,42636;0
23;4;0;1;42;12,2;2,239188;2,884812;0
65;2;25;20;48;7,7;2,812656;,883344;0
45;5;18;12;88;9,6;4,038144;4,409856;0
21;3;0;1;22;1,5;,09702;,23298;0
54;3;8;10;67;10,5;1,245195;5,789805;0
22;4;0;2;24;8;,63936;1,28064;1
20;3;0;0;23;14,2;1,86162;1,40438;1
41;2;12;9;58;13,1;3,783804;3,814196;0
36;2;14;3;71;6,9;1,425609;3,473391;0
33;3;11;8;79;10,8;3,080052;5,451948;0
23;2;2;2;34;3,3;,21879;,90321;0
46;3;8;6;119;5,6;1,112888;5,551112;1
21;3;0;0;15;6,1;,07137;,84363;1
28;4;2;4;62;34,8;3,862104;17,713896;1
39;3;9;8;69;6;,55476;3,58524;0
54;4;4;9;69;12;1,17576;7,10424;0
75;1;22;23;56;7,8;1,786512;2,581488;0
31;4;1;7;69;,4;,189336;,086664;0
55;2;32;8;229;4,9;3,02967;8,19133;0
20;3;0;0;18;17,4;,42282;2,70918;0
39;5;3;9;42;15,2;3,077088;3,306912;0
37;3;2;8;55;8;1,6412;2,7588;0
20;3;0;0;41;4,3;,470721;1,292279;0
57;4;10;10;149;10;3,6356;11,2644;0
50;1;20;15;117;7,6;3,147768;5,744232;0
33;1;2;7;28;1,6;,13888;,30912;0
36;1;16;10;44;7,4;1,960112;1,295888;0
21;2;1;0;29;5,7;,639711;1,013289;0
37;3;12;11;121;13,6;4,68996;11,76604;0
27;5;0;4;24;6,1;,165432;1,298568;1
28;4;5;5;112;9,9;,931392;10,156608;0
27;3;4;5;40;13,2;3,72768;1,55232;0
32;3;4;3;37;4,1;,477855;1,039145;1
28;2;6;5;33;20,5;1,09593;5,66907;1
24;4;0;2;35;12,1;2,469005;1,765995;1
20;2;0;0;44;3,9;1,065636;,650364;0
39;4;16;4;47;16,5;4,15668;3,59832;0
38;4;11;8;145;18,5;1,44855;25,37645;0
65;2;38;11;352;2,5;,3872;8,4128;0
56;2;34;19;215;13,9;14,374685;15,510315;0
18;2;0;0;57;3,1;1,238667;,528333;1
20;1;0;1;18;9,5;,15903;1,55097;0
62;1;4;13;27;13,2;1,72854;1,83546;0
39;2;13;8;112;21,2;4,63008;19,11392;1
29;4;3;2;102;9,8;4,828068;5,167932;1
30;4;4;6;46;3,9;1,2558;,5382;0
52;3;21;14;121;2,4;,389136;2,514864;0
48;5;19;11;326;10,6;21,182828;13,373172;1
20;1;2;0;42;3,1;,893172;,408828;1
34;4;7;3;33;7,5;1,87605;,59895;1
68;1;51;26;274;7;8,59264;10,58736;0
47;1;16;15;51;14,2;3,396498;3,845502;0
37;2;12;8;29;9,3;,876525;1,820475;0
36;2;9;10;35;,8;,08652;,19348;0
30;4;1;6;107;8,9;1,437973;8,085027;1
24;2;0;2;21;13,7;1,378083;1,498917;0
24;4;0;2;49;13,6;3,038784;3,625216;1
31;2;0;6;34;4,2;,714;,714;1
41;4;15;13;89;9,2;2,554656;5,633344;0
19;2;0;0;25;24,7;1,228825;4,946175;1
20;3;0;1;23;1;,02369;,20631;0
30;2;8;5;65;9,2;2,44582;3,53418;0
42;2;5;12;72;19,3;,250128;13,645872;0
27;1;5;5;34;1;,06018;,27982;0
24;4;0;2;38;1,6;,034048;,573952;0
38;2;16;6;71;6,6;1,537008;3,148992;0
24;1;7;2;29;13,6;,642872;3,301128;0
48;2;7;11;80;3,7;,78736;2,17264;0
49;4;0;11;77;2;,20944;1,33056;0
18;2;0;0;29;25,9;2,388498;5,122502;1
64;2;11;28;27;2,4;,082296;,565704;0
19;1;3;0;22;10,9;,472406;1,925594;0
49;3;2;17;36;23,6;2,659248;5,836752;1
29;4;1;4;26;6,6;,507936;1,208064;1
28;2;3;5;64;9,4;1,034752;4,981248;1
27;2;4;3;32;6,7;,555296;1,588704;1
24;4;0;2;40;8,6;1,204;2,236;0
23;1;2;2;38;12,2;2,22528;2,41072;1
43;5;3;8;30;3,1;,34224;,58776;0
29;5;1;5;51;12,5;2,428875;3,946125;0
61;3;35;9;327;4,6;7,626294;7,415706;0
22;4;0;1;20;6,5;,6019;,6981;1
24;2;2;3;34;2,4;,274992;,541008;0
30;3;8;3;65;8,8;1,9162;3,8038;0
37;3;3;4;57;10,8;,720252;5,435748;1
27;2;4;1;36;14,7;1,460592;3,831408;1
22;4;0;1;29;3,7;,079402;,993598;0
28;5;1;3;77;,2;,057596;,096404;0
31;2;11;4;41;2;,33784;,48216;0
44;1;14;12;68;14,9;1,783232;8,348768;0
69;2;24;22;84;20,2;5,633376;11,334624;0
26;2;5;2;42;10,6;2,128056;2,323944;1
51;3;9;15;96;16,8;,580608;15,547392;1
20;3;0;0;77;9,6;3,851232;3,540768;1
24;3;2;0;43;7,3;1,243044;1,895956;0
53;1;17;9;59;,5;,032155;,262845;0
29;2;0;4;28;4,7;,139496;1,176504;1
52;3;28;16;368;21,3;24,063888;54,320112;1
28;3;4;4;20;21,1;,5697;3,6503;0
35;2;17;5;160;13,5;9,072;12,528;1
20;2;0;0;27;10,3;,386559;2,394441;1
27;5;0;3;36;4,1;,729144;,746856;0
34;4;2;4;46;22,5;1,21095;9,13905;0
46;5;13;14;84;9,9;1,713096;6,602904;0
36;4;4;8;101;6,7;2,091003;4,675997;1
51;4;4;6;43;3,3;,195822;1,223178;0
39;1;20;10;52;19,7;2,325388;7,918612;0
33;4;4;6;24;27,7;3,204336;3,443664;1
65;2;38;25;231;9,3;2,019402;19,463598;0
35;3;10;8;263;4,9;9,265753;3,621247;1
41;2;22;7;226;17,4;7,117644;32,206356;1
23;3;0;1;33;1,7;,244035;,316965;0
23;1;5;1;23;24,3;3,504303;2,084697;1
34;5;0;5;120;6,4;5,55264;2,12736;1
18;2;0;0;30;19,8;2,29878;3,64122;1
29;5;3;2;26;7,8;,458328;1,569672;0
38;4;13;12;204;19,5;15,43464;24,34536;1
32;4;8;5;44;13,7;1,350272;4,677728;0
34;2;12;7;58;19,9;2,493072;9,048928;0
37;1;14;4;67;13,4;2,118808;6,859192;0
37;3;4;6;53;15,5;1,26511;6,94989;0
37;3;4;6;30;4,6;,71208;,66792;0
45;4;16;13;53;5,7;,933489;2,087511;0
48;3;4;12;57;12,1;2,462229;4,434771;0
36;1;12;5;55;5,8;1,19625;1,99375;0
26;2;1;3;42;1,5;,08379;,54621;1
60;1;31;22;170;8;8,772;4,828;0
37;2;2;9;31;9,6;1,538592;1,437408;0
27;4;1;2;21;14,4;,517104;2,506896;0
26;1;6;2;46;9,8;,3381;4,1699;0
32;3;7;5;34;10,7;,516596;3,121404;0
23;3;0;1;16;7,8;,351936;,896064;0
58;3;18;13;54;4,2;,821016;1,446984;0
34;1;0;7;26;1,9;,175864;,318136;0
30;2;0;4;17;4,9;,411502;,421498;1
25;3;2;3;52;7,7;1,073072;2,930928;0
24;2;3;2;24;10,7;1,982496;,585504;0
34;4;1;7;40;17,6;1,67552;5,36448;1
64;1;7;26;24;6,5;,29172;1,26828;0
29;4;2;5;34;19;1,02714;5,43286;1
21;2;1;1;29;,9;,023229;,237771;0
50;4;9;11;24;15,7;,58404;3,18396;0
25;4;0;2;29;15,7;1,825753;2,727247;1
27;2;6;5;20;13,2;1,44408;1,19592;0
25;3;4;3;41;18,4;2,006704;5,537296;0
27;4;3;5;41;4,8;,554976;1,413024;1
26;2;4;4;31;5,5;,25234;1,45266;0
49;2;6;12;49;1,7;,504798;,328202;0
41;3;0;8;39;29,1;2,15631;9,19269;1
30;2;4;2;55;5,5;1,452;1,573;0
37;1;16;8;43;5,6;,642936;1,765064;0
34;2;9;3;62;8;,3968;4,5632;0
50;4;23;11;104;4,8;,933504;4,058496;0
28;3;4;2;58;12,6;2,477412;4,830588;1
19;2;0;0;20;3,1;,25978;,36022;1
25;4;0;1;31;3,9;,368745;,840255;1
18;2;0;0;15;12,2;,366;1,464;0
24;4;0;2;32;5,6;,249088;1,542912;1
30;2;5;6;26;14,8;,973544;2,874456;1
36;2;1;4;55;19,6;6,3602;4,4198;1
32;4;0;5;38;3,7;,181374;1,224626;1
41;4;2;7;94;7;1,16466;5,41534;0
47;2;28;11;189;3,2;4,179168;1,868832;0
57;1;26;22;78;5,8;1,239576;3,284424;0
26;1;4;3;34;19;,67184;5,78816;1
34;4;6;5;65;14,4;4,97952;4,38048;1
33;2;0;7;64;10,6;2,686464;4,097536;0
53;5;9;11;97;22,3;9,214806;12,416194;1
61;2;20;17;91;4,3;1,259986;2,653014;0
18;2;0;0;14;4,3;,149898;,452102;0
21;3;0;1;18;12,1;,58806;1,58994;0
28;1;7;2;52;22,1;6,78028;4,71172;1
34;2;4;8;49;3,1;,036456;1,482544;0
20;1;2;0;16;4,7;,253424;,498576;0
34;1;11;6;54;10,6;3,11958;2,60442;0
22;3;0;1;14;2,5;,2583;,0917;0
34;2;8;7;30;24,3;,21141;7,07859;0
18;2;0;0;18;13,1;,921978;1,436022;1
41;2;21;9;64;,3;,120576;,071424;0
46;1;4;7;67;3,4;,760852;1,517148;0
21;2;0;1;20;2,2;,10076;,33924;0
51;2;19;16;47;22,7;3,275383;7,393617;0
27;5;0;3;25;22,9;1,08775;4,63725;1
35;2;15;3;30;21,3;1,28439;5,10561;0
22;4;0;2;26;6;,0156;1,5444;0
65;1;38;13;143;11,1;1,174602;14,698398;0
43;3;5;11;27;21,2;2,827656;2,896344;1
23;4;0;2;23;18;,50922;3,63078;1
66;2;43;22;152;9;5,0616;8,6184;0
25;2;3;2;48;8,2;2,865408;1,070592;1
35;4;0;11;84;3,4;1,182384;1,673616;0
19;2;0;0;20;12,8;1,14176;1,41824;0
25;4;1;1;20;6,9;,42504;,95496;1
23;4;0;1;62;3;,558;1,302;1
23;3;2;1;40;21,2;2,65424;5,82576;1
49;3;12;11;85;4,5;2,291175;1,533825;0
45;4;6;10;59;10,6;3,802432;2,451568;0
45;2;10;13;45;2,9;,18531;1,11969;0
32;4;6;7;31;5,2;,37882;1,23318;0
28;4;0;4;60;,5;,0825;,2175;0
44;3;22;9;131;7;,8253;8,3447;0
49;3;20;9;140;9,9;4,42134;9,43866;0
19;2;0;0;19;4,4;,0627;,7733;0
34;3;0;6;24;9,4;,076704;2,179296;1
51;3;2;15;34;7,2;1,767456;,680544;0
28;2;4;4;25;34,8;1,044;7,656;1
51;4;20;18;512;6,5;6,8224;26,4576;0
24;4;0;1;63;26,9;7,185528;9,761472;1
41;5;9;14;87;4,4;,777084;3,050916;0
23;4;0;1;35;15;,399;4,851;1
33;4;3;7;19;17,2;,369284;2,898716;1
42;2;18;5;176;5,6;3,912832;5,943168;0
20;3;0;0;16;3,5;,23016;,32984;1
27;2;3;4;26;2,6;,093964;,582036;0
34;2;9;3;29;11,6;1,063024;2,300976;1
20;2;0;0;34;12,9;,89913;3,48687;1
66;2;9;23;54;15,8;1,339524;7,192476;0
19;2;0;0;20;12,7;1,21666;1,32334;0
33;5;2;7;79;23,7;10,466157;8,256843;1
22;3;1;1;17;25,4;2,379218;1,938782;1
40;2;5;7;43;23,9;3,689443;6,587557;1
55;5;25;12;73;19,1;5,800288;8,142712;0
25;4;1;1;15;8,9;,559365;,775635;1
23;3;0;1;30;6,9;,55476;1,51524;0
37;4;13;5;225;1,1;1,418175;1,056825;0
18;2;0;0;21;6,6;,07623;1,30977;1
23;2;4;1;22;3,8;,077748;,758252;0
27;2;2;2;55;11,7;,54054;5,89446;1
42;5;6;8;20;15,3;1,43208;1,62792;1
31;3;9;6;23;7,8;,446706;1,347294;0
33;2;9;5;34;12,7;3,160776;1,157224;1
58;4;26;21;132;2,4;,975744;2,192256;0
58;3;24;24;138;3,9;2,857842;2,524158;0
48;2;12;12;51;4,3;,2193;1,9737;0
26;2;2;4;55;11;4,6948;1,3552;1
28;5;2;5;18;11,9;,317016;1,824984;1
22;1;4;1;21;9;,86562;1,02438;0
18;2;0;0;18;8;,40464;1,03536;0
57;2;4;12;61;2,3;,109434;1,293566;0
19;2;1;0;24;12,3;1,109952;1,842048;1
31;4;4;5;36;22,4;,153216;7,910784;0
18;1;1;0;18;8;,74016;,69984;1
23;3;0;1;18;4;,05328;,66672;0
19;2;0;0;14;8,2;,377692;,770308;1
29;3;0;4;70;16,5;8,21205;3,33795;1
29;3;8;5;39;11,6;3,25728;1,26672;1
25;2;2;3;24;3;,15408;,56592;0
18;2;0;0;24;,9;,126144;,089856;1
40;3;4;6;87;1,2;,860256;,183744;0
31;2;11;8;36;4,7;,125208;1,566792;0
52;4;2;12;84;3,1;,203112;2,400888;0
37;2;18;3;39;26,9;5,45532;5,03568;1
40;3;18;13;84;6,2;,942648;4,265352;0
18;2;0;0;17;11,9;,165886;1,857114;1
45;1;24;14;69;3,2;1,333632;,874368;0
34;3;11;6;52;12,9;4,165668;2,542332;0
19;2;0;0;21;12,6;1,225098;1,420902;1
25;3;3;1;27;16,9;1,085994;3,477006;0
53;2;30;12;220;12,9;2,80962;25,57038;0
30;3;4;4;39;11,6;1,393392;3,130608;0
49;5;23;11;178;19,4;5,594184;28,937816;0
21;2;2;1;23;3,5;,25438;,55062;0
40;2;0;12;21;36,6;4,350276;3,335724;1
18;2;0;0;23;11,5;,66125;1,98375;1
18;2;0;0;15;8;,2244;,9756;0
34;1;10;6;50;5,3;,583;2,067;0
33;4;5;8;27;20,6;1,090152;4,471848;0
45;3;23;10;55;13,3;1,455685;5,859315;0
40;4;15;13;111;9,6;1,875456;8,780544;0
49;1;4;11;36;9,9;1,357884;2,206116;0
27;3;0;4;31;3,7;,284456;,862544;0
52;1;26;12;77;28,6;5,263258;16,758742;0
23;2;1;2;30;18,2;1,37046;4,08954;1
39;3;16;10;46;11,3;1,450242;3,747758;0
20;2;0;1;28;9,8;,65856;2,08544;0
26;3;0;3;23;10,9;1,707267;,799733;1
62;4;23;22;124;23;19,05136;9,46864;1
39;2;1;9;27;1,4;,097902;,280098;0
26;1;5;2;47;21,7;6,139798;4,059202;1
35;2;15;8;66;3,3;1,054152;1,123848;0
46;5;11;9;136;4,9;3,272024;3,391976;1
47;4;17;17;61;7,5;3,124725;1,450275;0
56;1;3;16;38;18,7;3,716438;3,389562;1
21;3;0;1;33;9,1;1,048047;1,954953;1
29;2;0;5;33;5,8;,578028;1,335972;0
28;2;3;5;53;5,7;1,57092;1,45008;1
28;3;3;3;61;16,1;3,162362;6,658638;1
30;1;4;6;30;10,8;1,03032;2,20968;0
20;1;1;0;22;10,1;,142208;2,079792;1
24;4;0;2;29;9,6;1,038432;1,745568;1
29;4;5;4;73;25,1;2,180437;16,142563;1
19;2;0;0;15;9,5;,397575;1,027425;1
63;2;29;19;208;16,6;21,890752;12,637248;1
39;2;17;9;90;6,8;3,44556;2,67444;0
22;4;0;1;30;3,4;,153;,867;0
30;2;2;4;34;11,6;1,392232;2,551768;0
24;1;4;2;24;18;1,6416;2,6784;1
25;4;1;2;66;4,2;,5544;2,2176;1
22;2;2;1;39;4,7;,500409;1,332591;0
35;5;0;9;36;13,3;,986328;3,801672;0
51;3;14;16;161;1,4;,565754;1,688246;0
65;2;0;25;57;6,2;1,67865;1,85535;0
38;4;14;7;192;28,9;5,27136;50,21664;1
28;2;8;4;24;24,6;4,07376;1,83024;1
30;4;2;5;27;10,6;,735534;2,126466;0
22;4;0;2;46;8,6;1,764376;2,191624;1
19;2;0;0;28;7,5;1,5141;,5859;1
48;4;24;18;66;4,4;,31944;2,58456;0
18;2;0;0;16;8,3;,173968;1,154032;1
29;2;1;5;39;10,3;2,984631;1,032369;1
37;2;0;9;37;16,2;,92907;5,06493;0
23;4;0;1;73;,7;,251923;,259077;0
27;3;4;5;41;6,1;1,653161;,847839;1
38;4;10;11;63;12,2;2,759274;4,926726;0
39;3;10;7;45;25;1,76625;9,48375;0
28;4;4;3;48;24,3;3,335904;8,328096;1
54;3;2;19;35;6,4;,93184;1,30816;0
39;4;12;10;98;1,6;,1568;1,4112;0
19;2;0;0;26;17,2;2,647424;1,824576;1
71;1;2;13;23;10,1;1,435614;,887386;0
24;2;4;2;21;3,8;,359898;,438102;0
28;2;3;4;20;9;,3672;1,4328;0
21;1;4;1;15;7,3;,053655;1,041345;0
36;2;8;2;42;3,1;,753858;,548142;0
36;2;1;8;31;21;,33201;6,17799;0
23;1;0;2;20;8,4;,2436;1,4364;1
28;3;3;3;25;18,8;1,1562;3,5438;1
26;3;0;3;31;3,1;,103788;,857212;1
36;5;3;7;45;3,3;,46629;1,01871;0
32;4;2;2;55;10,6;1,43418;4,39582;1
24;4;0;1;56;9,3;1,546776;3,661224;1
19;2;0;0;55;7,9;,612645;3,732355;0
28;4;2;3;22;6,2;,758384;,605616;1
40;5;1;11;32;18,6;3,404544;2,547456;1
33;5;6;4;121;15,1;3,307051;14,963949;1
34;3;0;4;23;6,8;,686596;,877404;1
19;2;0;0;30;4;,5208;,6792;0
44;1;17;14;107;13;3,82525;10,08475;0
29;2;1;6;36;9,3;1,419552;1,928448;1
65;1;10;18;32;9,9;1,365408;1,802592;0
45;2;18;11;59;8,9;2,741022;2,509978;0
33;2;4;8;79;12,6;8,550486;1,403514;1
32;3;3;5;34;12,4;2,183888;2,032112;0
32;4;5;6;67;8,4;3,382428;2,245572;0
23;3;0;1;34;9,2;1,254328;1,873672;1
25;5;0;2;60;8,4;1,25496;3,78504;0
22;4;0;1;23;6,2;,346518;1,079482;1
27;1;6;2;20;14,3;,37752;2,48248;0
43;4;0;10;94;19,9;6,322628;12,383372;1
53;4;26;20;249;5,8;7,58205;6,85995;0
24;3;2;3;22;5,6;,082544;1,149456;0
43;2;13;13;62;24,2;8,072152;6,931848;1
25;1;4;1;33;13,2;1,629144;2,726856;1
26;3;0;3;24;32;4,416;3,264;1
18;2;0;0;34;16,3;1,873196;3,668804;1
46;4;14;10;57;4,7;,251826;2,427174;0
46;4;22;10;160;15,5;9,92;14,88;1
52;2;22;17;87;11,3;,707832;9,123168;0
35;3;3;7;54;11;1,16424;4,77576;0
23;3;1;2;63;16,8;3,143448;7,440552;1
33;1;7;5;33;6,9;,678546;1,598454;1
18;2;0;0;28;8,1;,843696;1,424304;1
31;2;11;8;37;5,7;,824619;1,284381;0
30;3;4;3;62;14,8;1,532392;7,643608;1
23;3;2;2;32;3;,2784;,6816;0
42;2;1;5;50;9,6;2,6016;2,1984;0
21;2;0;1;21;6,3;,829521;,493479;1
35;2;15;8;55;10,2;3,366;2,244;0
26;2;5;1;47;6,2;1,827078;1,086922;0
75;4;50;18;460;19,6;26,68736;63,47264;1
22;3;0;2;32;3,7;,310208;,873792;1
19;2;0;0;21;5,6;,137592;1,038408;0
28;2;3;2;22;11,5;,86526;1,66474;0
22;3;0;1;45;13,6;1,87272;4,24728;0
30;2;4;4;45;10;2,1285;2,3715;0
24;4;0;1;53;16,1;5,094201;3,438799;1
20;3;0;0;33;9,4;,549054;2,552946;1
38;2;18;7;53;5,2;1,201616;1,554384;0
20;3;0;0;22;5,1;,357918;,764082;1
28;5;0;4;57;12,4;4,52352;2,54448;1
23;3;0;2;25;4,2;,15855;,89145;0
21;3;0;1;22;8,5;,08228;1,78772;0
23;4;0;1;28;3,1;,33852;,52948;0
19;2;0;0;22;8,2;,499708;1,304292;0
26;2;3;4;33;2,7;,527472;,363528;0
19;2;0;0;23;18,4;,981824;3,250176;1
24;2;5;2;37;5,7;,478743;1,630257;0
19;2;0;0;33;7,5;,36135;2,11365;0
34;4;9;9;34;32,1;2,390166;8,523834;1
26;4;1;1;31;12,3;1,147713;2,665287;1
63;1;17;26;103;12,3;3,471306;9,197694;0
31;3;7;4;30;1,9;,1653;,4047;0
22;4;0;1;28;8,1;,605556;1,662444;1
34;2;6;4;41;7,5;1,091625;1,983375;1
45;2;24;10;86;9,7;1,743478;6,598522;0
22;3;0;1;31;10,1;,695082;2,435918;1
21;3;0;1;44;6,3;1,291752;1,480248;0
65;1;21;23;42;1,6;,289632;,382368;0
24;3;0;2;17;9,2;,311236;1,252764;0
25;4;1;2;35;1,4;,05929;,43071;1
32;4;3;6;56;13,2;1,530144;5,861856;1
21;3;0;0;36;14,1;1,59894;3,47706;1
23;4;0;2;34;17;2,16172;3,61828;1
40;3;17;6;120;10,2;4,32072;7,91928;0
44;2;2;17;50;2,8;,5166;,8834;0
39;4;4;6;75;5,6;2,6208;1,5792;0
26;3;3;4;18;12,9;,401706;1,920294;1
25;2;1;3;20;2,5;,174;,326;0
28;2;8;4;40;9,8;1,36024;2,55976;1
43;4;13;12;127;3;,4191;3,3909;0
28;2;6;2;112;3,4;,3808;3,4272;0
40;1;16;7;33;23,3;2,022207;5,666793;1
31;1;0;6;26;3,2;,338624;,493376;0
29;3;0;5;37;6,7;,704036;1,774964;0
54;1;13;18;105;13,6;1,62792;12,65208;0
42;4;9;9;49;7,3;1,151794;2,425206;1
39;2;14;7;94;30,2;10,50356;17,88444;1
36;3;10;7;101;13,1;7,237357;5,993643;1
55;5;21;14;91;6,6;2,01201;3,99399;0
21;2;0;1;15;4,1;,246;,369;0
49;3;3;7;28;6,9;,846216;1,085784;0
50;4;27;12;181;2,3;1,79009;2,37291;0
22;4;0;1;55;27,4;6,22391;8,84609;1
33;2;3;6;33;5,1;,895356;,787644;0
39;4;9;12;78;4,1;,345384;2,852616;0
26;3;3;3;66;4;,18744;2,45256;0
23;1;5;1;48;18;1,05408;7,58592;1
19;2;0;0;31;10,6;,992372;2,293628;1
32;2;7;3;33;24,6;4,14018;3,97782;1
19;2;0;0;19;5,4;,372438;,653562;1
33;1;9;4;22;14,6;,729124;2,482876;0
55;5;11;16;88;12,9;5,1084;6,2436;0
21;2;1;1;30;3,1;,30969;,62031;0
47;2;10;10;39;6,7;,222105;2,390895;0
24;2;2;0;32;11;,83072;2,68928;0
25;2;5;2;36;2,7;,528768;,443232;0
34;4;9;7;58;28,4;4,974544;11,497456;1
67;2;7;25;58;11,4;1,58688;5,02512;0
51;2;22;11;65;18,1;4,906005;6,858995;0
45;2;26;12;100;7,5;1,695;5,805;0
24;3;0;2;67;8,9;2,379237;3,583763;1
46;2;23;14;99;3,2;1,808928;1,359072;0
53;4;3;15;50;15,7;4,24685;3,60315;0
28;4;1;4;175;19,4;7,02765;26,92235;1
21;3;0;0;20;4;,4832;,3168;0
28;4;2;3;47;12,1;,432212;5,254788;1
51;3;10;17;144;4,9;,91728;6,13872;0
27;4;1;4;38;8,2;,620084;2,495916;0
18;1;1;0;15;8,4;,7434;,5166;1
62;1;32;19;86;6,3;3,971394;1,446606;0
30;2;3;1;35;16,1;,81144;4,82356;1
19;2;0;0;21;8,1;,690606;1,010394;0
76;3;12;27;53;6,2;1,278254;2,007746;0
22;4;0;1;19;7,4;,778924;,627076;1
26;1;10;4;43;5,2;,889928;1,346072;0
18;2;0;0;30;8,9;,23496;2,43504;1
30;3;3;2;23;6,5;,27807;1,21693;1
36;2;5;9;50;,8;,1192;,2808;0
30;2;5;6;36;4,7;,771552;,920448;0
42;2;17;7;66;8,7;1,728342;4,013658;0
18;2;0;0;30;3,8;,57228;,56772;0
28;4;3;3;47;17,7;2,786865;5,532135;1
48;2;22;16;196;10,5;7,4088;13,1712;1
42;1;1;10;32;7,2;,688896;1,615104;1
33;4;7;6;63;16,7;2,809107;7,711893;0
26;4;1;3;35;7;1,21275;1,23725;0
24;4;0;2;25;5,7;,6384;,7866;1
39;4;4;6;84;3,4;,405552;2,450448;0
19;2;1;0;20;25,9;1,93732;3,24268;1
18;2;0;0;27;6,1;,915732;,731268;0
23;4;0;1;47;12,3;2,104284;3,676716;1
23;1;5;1;26;5,3;,1378;1,2402;1
30;3;1;4;26;8;1,18352;,89648;0
59;1;3;14;44;16,6;5,470696;1,833304;1
37;1;0;8;36;16,1;1,988028;3,807972;1
35;1;16;6;93;4,7;2,863005;1,507995;0
23;2;2;0;17;21,3;,300543;3,320457;1
52;4;2;18;48;5,4;1,397088;1,194912;0
19;2;0;0;26;14,3;,516802;3,201198;1
70;2;33;17;150;13,3;5,16705;14,78295;0
30;4;5;6;109;7,8;1,394328;7,107672;0
40;1;17;5;72;7,3;,94608;4,30992;0
23;3;2;2;39;16,6;1,644396;4,829604;0
26;1;5;3;24;7,9;,333696;1,562304;0
33;3;12;9;48;3,7;,9324;,8436;0
55;2;4;19;59;22;6,82748;6,15252;1
46;1;5;9;40;4,5;,9774;,8226;0
32;2;12;9;27;1,8;,164754;,321246;0
18;2;0;0;35;12,3;,86961;3,43539;0
18;2;0;0;27;9,4;,433998;2,104002;1
23;4;0;2;33;2,9;,232551;,724449;0
41;2;21;9;56;4,8;1,147776;1,540224;0
22;4;0;1;21;11,8;,671538;1,806462;0
33;2;15;6;71;14,6;2,788454;7,577546;0
24;4;0;1;128;8,9;3,554304;7,837696;1
23;3;1;2;28;,6;,058632;,109368;0
37;4;3;8;41;14,4;2,030976;3,873024;0
43;1;4;9;26;12,9;1,529424;1,824576;0
31;3;2;5;45;13,1;1,644705;4,250295;1
20;3;0;1;28;8,6;,197456;2,210544;0
24;2;5;1;26;13,1;1,08992;2,31608;0
28;3;4;3;23;4,9;,547722;,579278;1
53;4;1;16;46;11,3;2,656178;2,541822;1
26;4;1;2;63;11,9;,944622;6,552378;1
21;2;1;1;24;4,2;,056448;,951552;0
22;3;1;1;29;15,8;2,937062;1,644938;1
44;4;4;14;65;5,8;1,53439;2,23561;0
29;2;6;5;27;6,3;,127575;1,573425;0
28;3;3;3;31;12,9;2,355411;1,643589;1
41;2;4;11;56;7,3;2,559088;1,528912;0
64;1;36;15;145;6,6;3,27294;6,29706;0
44;4;4;5;15;16,6;,07968;2,41032;0
21;2;1;1;23;9,5;,137655;2,047345;0
50;2;21;10;88;1,4;,213136;1,018864;0
18;2;0;0;20;19;1,33;2,47;1
29;5;0;4;40;12,5;2,025;2,975;1
38;2;1;9;28;,8;,12768;,09632;1
30;4;1;5;65;13,4;4,54662;4,16338;1
27;2;8;4;29;6,5;,84825;1,03675;0
28;1;8;4;45;6;,7155;1,9845;0
27;2;9;3;31;6,3;,267561;1,685439;0
67;1;40;24;88;6,3;1,419264;4,124736;0
36;4;12;9;35;8,1;1,051785;1,783215;0
30;4;3;4;38;11,9;,795872;3,726128;0
29;3;7;6;57;4,3;1,044126;1,406874;0
18;2;0;0;20;16,7;,46426;2,87574;1
46;1;20;14;48;2,7;,935712;,360288;0
38;1;6;10;24;16,8;,556416;3,475584;1
23;3;0;2;32;7,9;1,223552;1,304448;0
41;5;6;5;190;1,9;,86279;2,74721;0
59;3;7;20;92;7,5;3,0567;3,8433;0
64;2;42;22;267;13,2;16,952364;18,291636;0
32;4;7;6;71;19,5;4,12581;9,71919;1
32;3;4;4;37;3,1;,320013;,826987;0
22;4;0;1;28;19,8;,44352;5,10048;1
21;2;3;1;15;11,8;,41595;1,35405;1
66;2;18;24;70;2,8;1,00156;,95844;0
18;2;0;0;22;4,4;,148104;,819896;1
40;2;16;11;53;1,2;,424848;,211152;0
21;3;0;0;27;2,3;,220455;,400545;0
35;3;2;7;27;,8;,103464;,112536;0
18;2;0;0;19;14,9;,135888;2,695112;1
27;3;3;2;38;9,7;,44232;3,24368;1
54;3;15;11;93;13,7;7,988607;4,752393;1
58;2;2;20;31;3,3;,498201;,524799;0
43;3;3;12;38;6;,6156;1,6644;0
42;4;6;14;49;14,7;2,845185;4,357815;0
26;4;0;3;26;3,3;,408408;,449592;0
31;4;8;6;47;24,6;5,977554;5,584446;1
18;2;0;0;22;10,2;,520608;1,723392;1
33;4;4;4;136;10,1;5,56308;8,17292;1
46;3;0;7;34;3,9;,082212;1,243788;0
35;4;6;9;81;6,8;2,842128;2,665872;0
68;3;38;25;154;6,2;3,017168;6,530832;0
24;4;0;2;45;6,7;,823095;2,191905;0
46;4;1;10;58;7,6;,326192;4,081808;0
38;3;12;9;86;2,4;,871008;1,192992;0
43;2;13;10;62;21,9;7,902396;5,675604;1
20;3;0;0;27;1;,10827;,16173;1
23;4;0;1;24;26,9;,400272;6,055728;1
45;1;8;12;41;14,8;,260924;5,807076;0
37;1;7;2;29;4,3;,168345;1,078655;0
51;3;29;14;285;16,6;14,80803;32,50197;0
18;2;0;0;31;9,1;,490854;2,330146;1
33;4;2;6;66;3,1;,832722;1,213278;0
37;4;8;7;62;23,9;5,808656;9,009344;1
59;3;22;22;84;16;1,85472;11,58528;0
57;2;36;18;172;9,2;3,449632;12,374368;0
19;2;0;0;39;4,4;,727584;,988416;0
44;2;15;17;59;18,3;5,851974;4,945026;1
32;2;0;4;35;18,1;1,1403;5,1947;1
38;3;6;11;37;19,1;2,374512;4,692488;1
19;2;0;0;17;12,4;,33728;1,77072;1
21;3;0;1;35;22,7;2,12926;5,81574;1
28;1;7;3;43;23,4;,271674;9,790326;1
19;2;0;0;30;24,3;,53217;6,75783;1
48;1;0;12;28;2,6;,115752;,612248;0
46;1;15;13;95;15,4;6,68591;7,94409;0
30;2;6;5;32;1,5;,19296;,28704;0
52;1;30;13;125;15,7;8,321;11,304;0
33;2;3;3;36;18;2,18376;4,29624;0
36;4;10;7;51;13,2;3,453516;3,278484;0
71;2;13;10;59;24,4;2,66326;11,73274;0
40;4;12;10;87;5,8;,544968;4,501032;0
32;4;5;5;87;10,4;,461448;8,586552;0
32;2;12;7;75;7,1;1,549575;3,775425;0
25;3;1;3;16;4,5;,38664;,33336;0
36;4;8;6;100;19,9;11,5619;8,3381;1
22;2;0;1;18;3,5;,32697;,30303;0
35;2;9;9;43;14,9;2,517951;3,889049;0
26;3;4;1;23;8,2;,350796;1,535204;0
51;1;23;10;47;2,2;,342254;,691746;0
20;3;0;1;31;18,3;1,951512;3,721488;1
39;2;7;10;56;10,9;4,071368;2,032632;1
33;2;6;8;41;2,1;,024108;,836892;0
25;2;6;0;18;16,3;1,86309;1,07091;1
43;3;8;9;49;6;,8673;2,0727;0
33;5;0;5;46;15,7;,751088;6,470912;0
36;4;8;8;58;17,2;1,276928;8,699072;0
33;4;5;7;35;5,2;,57876;1,24124;0
25;2;5;2;18;12,6;,1134;2,1546;1
40;3;5;9;34;23,3;1,528946;6,393054;0
41;2;14;9;76;18;9,17928;4,50072;1
28;1;4;4;20;13,6;,53312;2,18688;0
19;2;0;0;20;1,2;,02688;,21312;0
25;2;7;3;27;7,6;,229824;1,822176;0
46;1;6;5;37;31,6;2,3384;9,3536;1
43;3;13;7;71;4,2;1,413468;1,568532;0
57;1;25;22;61;1,6;,179584;,796416;0
70;1;6;22;22;19,9;,499092;3,878908;0
32;2;7;2;40;6,2;,51088;1,96912;0
18;2;0;0;22;3,4;,37026;,37774;1
23;3;1;1;42;1,3;,165438;,380562;0
36;2;4;9;57;4,2;,69426;1,69974;1
20;3;0;0;27;5,1;,528768;,848232;0
29;5;2;3;25;12;1,134;1,866;1
22;2;0;1;30;11,5;1,68705;1,76295;1
41;4;6;7;87;3,7;1,020423;2,198577;0
26;2;4;3;22;6,7;,033902;1,440098;0
40;1;3;11;21;5,3;,094605;1,018395;0
46;3;12;12;111;5,8;1,09446;5,34354;0
42;3;19;2;24;15,1;2,004072;1,619928;0
20;3;0;0;21;15,1;1,258887;1,912113;1
22;4;0;1;51;8,7;1,069317;3,367683;1
20;3;0;0;13;1,1;,051051;,091949;0
24;4;1;2;36;13;,99684;3,68316;1
72;2;48;30;233;28,8;18,252288;48,851712;0
51;2;9;19;82;14,6;1,4965;10,4755;0
57;5;31;23;1079;1,4;1,96378;13,14222;0
33;3;3;9;26;12,8;,918528;2,409472;0
48;5;2;6;52;13,1;1,519076;5,292924;0
40;1;2;6;30;3;,0486;,8514;0
26;1;2;2;23;2,5;,031625;,543375;0
30;1;0;6;25;5,7;,480225;,944775;0
39;2;0;4;36;7,5;,8748;1,8252;1
44;3;6;12;39;8,9;1,822275;1,648725;1
40;3;15;12;129;11,9;4,820214;10,530786;0
60;2;2;18;29;3,3;,536877;,420123;0
47;2;8;13;49;18,4;1,5778;7,4382;0
41;4;15;12;127;18,2;18,121376;4,992624;0
22;1;4;0;27;4,1;,334314;,772686;0
42;1;8;10;65;14,6;2,69516;6,79484;0
42;2;20;16;117;23,3;12,730887;14,530113;1
19;2;0;0;28;2,8;,242256;,541744;1
59;3;11;21;55;10;1,4025;4,0975;0
23;2;2;2;25;10,6;,5035;2,1465;1
64;2;24;18;83;8,4;,167328;6,804672;0
25;4;0;3;42;14,3;,762762;5,243238;1
31;2;10;5;41;17,9;,359611;6,979389;0
32;2;1;6;129;19,9;11,911344;13,759656;1
19;2;0;0;35;9,3;,93744;2,31756;0
42;4;12;5;15;14,4;,66312;1,49688;0
19;1;0;0;20;11,7;1,16532;1,17468;1
38;2;18;5;55;16,1;2,33772;6,51728;0
28;1;7;5;32;9,2;,945024;1,998976;0
24;2;1;2;19;16,3;,188917;2,908083;1
38;3;9;9;66;5,5;,57354;3,05646;1
54;1;22;16;49;5,2;,759304;1,788696;0
20;3;0;0;29;11,7;1,252017;2,140983;1
51;3;10;18;57;19,5;3,57903;7,53597;0
30;2;0;5;26;3,6;,478296;,457704;1
26;2;2;2;36;9,4;,774936;2,609064;0
25;1;0;1;19;8;,84968;,67032;0
29;2;5;4;26;5,3;,628368;,749632;1
50;1;27;12;85;11,8;3,44029;6,58971;0
50;5;22;13;71;4,9;1,311583;2,167417;0
39;3;7;5;39;12,2;,7137;4,0443;0
29;3;3;4;74;3,6;,580752;2,083248;0
32;5;0;5;22;14,8;,205128;3,050872;0
26;2;1;3;24;13,4;1,476144;1,739856;0
29;2;10;6;50;9,8;2,9106;1,9894;0
25;3;3;2;43;15,6;3,682692;3,025308;1
33;2;3;7;29;5,4;,374274;1,191726;0
20;3;0;0;25;5;,13375;1,11625;1
24;3;0;1;23;7,4;,241684;1,460316;0
21;1;2;1;25;9,8;,4214;2,0286;1
42;3;16;8;71;3,3;,756789;1,586211;0
20;2;1;0;37;7,1;,97199;1,65501;0
40;1;2;14;31;2,4;,221712;,522288;1
36;2;10;3;77;11,3;1,496572;7,204428;1
18;2;0;0;18;2,3;,085284;,328716;0
69;1;4;32;25;7,1;,47925;1,29575;0
27;4;2;1;31;3,9;,562185;,646815;0
53;3;31;18;120;9;1,6956;9,1044;0
23;4;0;2;19;1,4;,18088;,08512;0
32;2;0;7;22;22,5;,57915;4,37085;1
26;4;1;4;38;13,3;,313348;4,740652;0
29;3;7;3;21;5,9;,795438;,443562;0
28;1;4;4;25;6,5;,21125;1,41375;0
61;2;29;24;142;7,7;3,083388;7,850612;0
53;2;4;20;35;1,5;,076125;,448875;0
36;5;9;6;108;6,5;3,62232;3,39768;0
68;2;11;15;84;6,1;1,35786;3,76614;0
38;1;17;7;41;16,9;3,991104;2,937896;0
48;3;15;11;133;4,1;1,952174;3,500826;0
77;2;30;33;80;3,9;,79872;2,32128;0
35;1;18;4;63;1,6;,42336;,58464;0
25;4;0;3;68;4,5;1,12914;1,93086;1
29;1;11;2;39;3,2;,571584;,676416;0
20;2;0;0;24;1,1;,075504;,188496;1
21;3;0;1;17;7,8;,213486;1,112514;0
18;2;0;0;19;7;,28329;1,04671;1
23;1;6;3;29;12,9;,594819;3,146181;0
25;1;5;3;29;2,7;,158166;,624834;0
42;4;14;6;55;9,1;1,49149;3,51351;0
35;4;0;8;144;3,2;1,516032;3,091968;1
35;5;2;9;41;10,5;,49077;3,81423;1
38;1;11;10;33;10,5;1,58697;1,87803;0
56;1;30;10;144;8,1;6,403536;5,260464;0
48;3;13;10;153;2,3;1,770057;1,748943;0
28;3;6;5;30;20,5;1,2915;4,8585;0
25;4;1;1;75;11,1;2,64735;5,67765;1
43;1;6;10;54;2,3;,722844;,519156;0
20;3;0;1;22;10;,8778;1,3222;0
34;4;2;5;55;12,7;4,77774;2,20726;1
25;3;3;3;36;10,2;,521424;3,150576;1
34;2;13;6;50;16,6;6,7562;1,5438;0
23;2;1;1;29;16,7;2,513517;2,329483;1
27;3;1;3;47;4,3;,897324;1,123676;0
24;1;0;1;28;1,5;,19908;,22092;0
20;3;0;1;17;10,5;,29988;1,48512;0
56;1;20;20;81;12,1;1,254528;8,546472;0
37;4;9;7;72;24,7;2,098512;15,685488;1
48;5;20;15;162;6,2;,662904;9,381096;0
28;2;2;2;24;3,7;,340104;,547896;1
37;1;11;11;63;21,6;4,191264;9,416736;0
34;3;3;4;47;7;1,31929;1,97071;0
26;3;0;2;43;9,8;,935508;3,278492;1
28;5;0;3;33;7,8;,831402;1,742598;0
28;3;3;4;75;4,3;,4773;2,7477;0
22;4;0;0;27;6;,60912;1,01088;1
38;3;9;13;94;21,6;7,00488;13,29912;1
20;2;0;1;19;5,9;,071744;1,049256;1
36;4;11;3;42;2,8;,673848;,502152;0
26;4;1;4;89;2,3;,927291;1,119709;1
33;4;7;7;185;8,5;3,884075;11,840925;0
25;2;2;3;24;6,8;1,005312;,626688;0
22;4;0;1;56;2,8;,40768;1,16032;0
25;2;2;3;26;10,3;,859638;1,818362;0
36;2;4;7;34;16,8;1,159536;4,552464;1
30;5;2;6;21;10,4;1,155336;1,028664;1
21;3;0;1;39;18,5;5,20923;2,00577;1
33;2;8;7;35;7,3;,6132;1,9418;0
25;1;9;4;29;11,4;1,167018;2,138982;0
70;4;30;22;493;9,9;22,93929;25,86771;1
56;4;22;9;57;2;,48906;,65094;0
33;1;3;5;34;2,9;,189312;,796688;1
27;3;0;4;28;4,7;,386904;,929096;0
18;2;0;0;15;1,1;,032835;,132165;0
30;4;4;6;28;6,8;1,153824;,750176;0
43;4;18;14;89;3,6;,493416;2,710584;0
27;4;3;4;20;11;,3058;1,8942;1
32;3;3;7;79;6,1;1,402329;3,416671;1
30;2;5;5;39;13,8;,548964;4,833036;0
36;2;16;8;50;3,5;,75425;,99575;0
32;1;5;9;35;5,8;,57855;1,45145;0
52;3;17;12;125;,5;,40125;,22375;0
35;3;7;10;29;7,1;1,58543;,47357;0
34;3;12;6;46;5,7;,828552;1,793448;0
19;2;0;0;20;7;,1946;1,2054;0
26;2;1;3;48;11,2;,16128;5,21472;1
25;4;0;1;52;4,9;,670124;1,877876;1
75;1;32;23;78;4,4;,689832;2,742168;0
24;2;5;1;28;19,1;1,52418;3,82382;1
43;2;3;9;53;9,8;1,50626;3,68774;1
33;3;8;7;37;3,9;,555555;,887445;0
61;3;20;17;38;3,2;,350208;,865792;0
23;2;1;2;26;12,8;,54912;2,77888;0
32;4;6;2;31;14,2;1,360218;3,041782;0
25;2;2;3;21;14,4;,985824;2,038176;1
42;5;2;9;147;17,7;5,047686;20,971314;1
23;4;0;1;30;12,2;2,25456;1,40544;1
25;3;1;3;27;12,7;,03429;3,39471;1
22;4;0;2;50;1,2;,2088;,3912;0
19;2;0;0;16;6,6;,003168;1,052832;0
35;4;4;6;18;4,8;,31536;,54864;0
58;2;9;13;51;4,4;,63954;1,60446;0
38;4;12;9;37;13,2;3,238092;1,645908;1
43;3;16;6;102;2,5;,58395;1,96605;0
34;2;14;4;59;6,5;2,297165;1,537835;0
28;2;7;3;88;10,6;2,210736;7,117264;0
23;3;0;2;36;24,2;5,8806;2,8314;1
30;1;6;4;20;8,4;,9072;,7728;1
21;3;0;1;19;20,7;1,305756;2,627244;1
37;4;0;9;50;1,3;,2067;,4433;0
34;3;7;8;30;14,2;,92868;3,33132;0
29;2;4;3;48;10,8;2,960064;2,223936;0
20;3;0;0;39;15;1,4157;4,4343;0
61;1;26;13;78;5;,1989;3,7011;0
19;2;0;0;22;1,8;,101772;,294228;0
71;1;7;19;26;7,6;,36556;1,61044;0
33;4;5;7;321;2,5;4,357575;3,667425;1
22;4;0;1;59;3,1;,616373;1,212627;0
30;3;4;5;28;8,2;,397208;1,898792;0
22;4;0;1;32;3,8;,712576;,503424;0
20;1;0;1;20;17,6;,15488;3,36512;1
19;2;0;0;19;3,3;,102828;,524172;1
28;1;2;3;24;1;,11448;,12552;0
18;2;0;0;14;5,5;,45738;,31262;0
56;2;9;7;41;12,5;1,79375;3,33125;0
32;3;6;7;50;9,8;3,087;1,813;0
29;2;0;5;21;12,4;,380184;2,223816;1
46;1;0;9;25;3;,43125;,31875;0
39;1;22;13;48;6,8;1,008576;2,255424;0
28;4;4;3;30;13,8;,6831;3,4569;0
37;1;17;8;76;12,6;4,184712;5,391288;0
39;4;4;13;47;9,7;1,673153;2,885847;1
27;2;2;4;30;2,7;,33777;,47223;1
25;2;4;3;21;10;,9996;1,1004;0
49;2;14;11;94;6,9;3,787824;2,698176;0
24;2;5;1;60;11,2;,22848;6,49152;0
24;4;0;2;45;5,5;,58905;1,88595;1
30;4;6;5;58;8,6;2,384264;2,603736;0
22;1;1;0;24;19,9;1,160568;3,615432;1
47;1;17;11;47;18,9;3,766392;5,116608;0
32;3;5;8;52;5,9;1,346852;1,721148;0
41;2;17;9;68;9,6;3,055104;3,472896;0
18;2;0;0;18;10;1,1214;,6786;1
37;1;11;5;34;13,6;2,977856;1,646144;0
35;1;5;5;40;10,5;,9072;3,2928;1
36;5;3;9;69;8,3;1,454658;4,272342;0
44;3;7;10;115;14,4;1,0764;15,4836;1
19;2;0;0;25;9,3;1,174125;1,150875;1
24;4;0;2;64;4,4;,805376;2,010624;0
18;2;0;0;22;10,5;,29799;2,01201;1
20;3;0;0;13;0;0;0;0
38;4;4;8;61;2,7;,912438;,734562;0
24;1;6;1;21;4,5;,18144;,76356;0
61;2;33;26;126;12,4;8,468208;7,155792;0
18;2;0;0;22;38,8;3,636336;4,899664;0
51;5;22;14;75;7,7;2,050125;3,724875;0
33;3;5;6;38;18,3;1,7385;5,2155;0
34;3;0;7;49;5;,17885;2,27115;0
33;4;6;3;25;13,7;1,1782;2,2468;0
27;4;1;3;32;15,4;2,153536;2,774464;1
37;4;3;4;28;18,1;1,003464;4,064536;0
34;1;12;6;59;9,2;2,002932;3,425068;0
23;2;2;2;35;5,8;,46284;1,56716;0
29;3;5;6;37;4,3;,531394;1,059606;0
25;1;1;4;19;2,6;,134862;,359138;0
21;1;4;1;44;6,4;,9856;1,8304;1
26;1;6;2;24;11,5;,90528;1,85472;0
37;2;4;2;32;3,2;,140288;,883712;0
26;5;0;4;19;4,4;,052668;,783332;1
35;3;11;8;59;1,4;,129682;,696318;0
22;3;0;1;29;19,7;1,679622;4,033378;1
30;2;4;2;26;9,3;,268398;2,149602;0
62;2;24;17;199;4,7;3,404492;5,948508;0
43;1;17;10;104;14,2;3,573856;11,194144;0
45;1;12;9;57;1;,34143;,22857;0
21;3;0;1;23;6,8;,691288;,872712;1
27;1;3;3;37;13,9;3,039513;2,103487;1
73;2;2;16;39;19,4;2,11848;5,44752;1
35;4;2;6;56;11,1;1,386168;4,829832;1
38;1;14;8;37;4,4;,393976;1,234024;0
26;2;5;2;22;3,3;,099462;,626538;0
29;4;4;6;58;18,2;1,615068;8,940932;1
42;4;10;10;76;6,1;,319884;4,316116;0
37;2;3;8;38;12,3;1,369482;3,304518;0
62;4;26;12;87;16,2;4,820148;9,273852;0
23;1;1;2;19;7,2;,712728;,655272;0
64;2;44;18;397;19,2;35,520384;40,703616;1
45;4;16;5;219;1;,96141;1,22859;0
23;3;1;2;22;14,2;1,562;1,562;1
19;2;0;0;20;8,1;,35802;1,26198;0
34;5;8;7;526;2,6;5,4704;8,2056;0
20;3;0;0;58;2,8;,457968;1,166032;0
18;2;0;0;29;7,5;,859125;1,315875;1
37;2;2;7;38;2,1;,07182;,72618;0
43;3;21;14;101;9,7;4,761342;5,035658;1
42;1;8;12;43;1,3;,153725;,405275;0
23;2;2;1;24;1,6;,046464;,337536;0
19;2;0;0;22;6,8;,414392;1,081608;1
26;1;1;3;15;6,7;,201;,804;0
40;3;4;14;54;4,6;1,189836;1,294164;0
43;2;10;9;92;14,7;3,85434;9,66966;1
28;4;3;5;35;5,2;,78442;1,03558;0
24;2;0;2;36;8,5;1,4688;1,5912;1
22;2;1;1;14;11,7;,36855;1,26945;1
27;2;1;4;25;,6;,03195;,11805;0
33;3;11;4;61;14,9;4,244563;4,844437;1
64;1;40;18;198;6,9;8,101566;5,560434;0
63;4;22;27;129;4,9;,796446;5,524554;0
31;5;5;3;61;2;,36844;,85156;0
21;3;0;1;26;6,9;,181194;1,612806;1
20;3;0;0;24;9,4;,59784;1,65816;0
20;3;0;0;18;5,3;,30051;,65349;0
21;2;2;1;33;6,4;,8448;1,2672;1
23;2;1;0;30;21,5;1,63185;4,81815;1
46;3;13;10;32;11;1,18624;2,33376;0
29;4;1;4;50;12,1;,4719;5,5781;0
59;2;32;19;533;,8;1,863368;2,400632;0
21;1;1;1;23;16,5;1,172655;2,622345;1
54;3;6;9;70;9,5;2,28095;4,36905;0
18;2;0;0;37;2,5;,56795;,35705;1
41;2;9;8;77;7,5;3,10695;2,66805;0
19;2;0;0;36;5,8;,783;1,305;1
41;1;15;9;54;6,9;1,542564;2,183436;0
30;4;6;5;51;6,2;1,071918;2,090082;0
23;3;0;1;27;14,6;1,16289;2,77911;0
37;3;0;9;35;10,8;1,27008;2,50992;0
33;3;6;6;77;6,2;,654038;4,119962;1
34;5;5;10;186;11,3;7,46139;13,55661;1
25;4;0;3;30;4,9;,20433;1,26567;0
21;1;4;1;19;6,5;,29393;,94107;0
62;2;33;6;322;2,8;7,041496;1,974504;0
52;2;6;9;55;2,9;,93148;,66352;0
53;5;7;16;80;12;3,648;5,952;0
36;5;7;9;124;1,4;,38192;1,35408;0
34;4;8;4;49;7,5;,488775;3,186225;0
29;3;6;3;28;4,9;,56938;,80262;1
20;2;0;0;46;12,1;,951786;4,614214;1
20;3;0;0;13;17,8;,814528;1,499472;0
18;2;0;0;26;7,3;,641524;1,256476;0
20;3;0;0;21;9,3;,353493;1,599507;1
19;2;0;0;34;19,3;2,204832;4,357168;1
30;2;1;3;39;1;,14352;,24648;0
34;2;10;6;59;18,6;3,555576;7,418424;1
41;1;15;12;55;12,2;4,12665;2,58335;0
20;1;3;0;24;16,3;1,306608;2,605392;1
30;3;8;2;28;15,8;1,52628;2,89772;0
25;5;0;1;130;5,8;1,23656;6,30344;1
18;2;0;0;23;10;1,1201;1,1799;0
27;3;0;3;63;1;,315;,315;0
31;2;3;6;24;12,9;,736848;2,359152;1
34;3;8;4;83;11;1,85339;7,27661;0
37;2;10;8;43;3,6;,806508;,741492;0
25;5;0;3;16;3,2;,288256;,223744;0
34;1;10;8;41;14,5;1,194945;4,750055;0
27;1;2;2;24;5,8;,555408;,836592;0
